"","NSEBANK.Adjusted"
"1",6897.100098
"2",7059.649902
"3",7401.850098
"4",7390.149902
"5",7464.5
"6",7650.899902
"7",7629.149902
"8",7755.899902
"9",7833.649902
"10",8042.200195
"11",7987.5
"12",8097.899902
"13",8035.899902
"14",7845.25
"15",7626.399902
"16",7895.850098
"17",8030.649902
"18",8158.799805
"19",7934
"20",8286.299805
"21",8452.200195
"22",8099.899902
"23",7608.75
"24",7423.799805
"25",7568
"26",8101.100098
"27",8228.650391
"28",8428.650391
"29",8749.900391
"30",9000.75
"31",8934.150391
"32",9013.150391
"33",9198.599609
"34",9560.700195
"35",9397.549805
"36",9216.299805
"37",9090.200195
"38",8876.25
"39",8758.200195
"40",9060
"41",9613.049805
"42",9454.700195
"43",9474.150391
"44",9396.25
"45",9277.849609
"46",8829.799805
"47",8998.799805
"48",8977.900391
"49",9122.450195
"50",9070.75
"51",8970.849609
"52",9124.400391
"53",9375.75
"54",9397.549805
"55",9367.099609
"56",9581.299805
"57",9620.150391
"58",9796.099609
"59",9864.599609
"60",10090.700195
"61",10056.700195
"62",9920.450195
"63",9803.150391
"64",9426.700195
"65",9279.200195
"66",9240.349609
"67",9245.450195
"68",9563.549805
"69",9755.200195
"70",9785.049805
"71",9828.349609
"72",9863.450195
"73",9905.25
"74",10250.849609
"75",10100.700195
"76",10233.200195
"77",10391.099609
"78",10355.599609
"79",10306.450195
"80",10266.849609
"81",10561.549805
"82",10698.349609
"83",10465.700195
"84",10346.950195
"85",10261.5
"86",9739.900391
"87",9038.950195
"88",8682.450195
"89",9259.200195
"90",9133.849609
"91",9752.25
"92",9901.900391
"93",9569.599609
"94",9404.150391
"95",9226.25
"96",9327.049805
"97",9561.5
"98",9397.799805
"99",9185.650391
"100",8960.450195
"101",8817
"102",8419.25
"103",8512.349609
"104",8748.75
"105",9125.200195
"106",9380.049805
"107",9404.200195
"108",9423.450195
"109",9129.099609
"110",8946.200195
"111",8685.099609
"112",8666.5
"113",8742.25
"114",8719.599609
"115",8608.25
"116",8688.349609
"117",8047.450195
"118",7736.600098
"119",7588.350098
"120",7268.149902
"121",7272.5
"122",7356.399902
"123",7341.549805
"124",6914.649902
"125",7106
"126",6556.200195
"127",6472.799805
"128",6456.549805
"129",6634.600098
"130",7147.149902
"131",7120.899902
"132",6969.299805
"133",7037.850098
"134",6655
"135",6608.100098
"136",6772.700195
"137",6746.100098
"138",6545.149902
"139",6832.399902
"140",6862.700195
"141",7059.549805
"142",6872.850098
"143",6838.450195
"144",6916.75
"145",6951.899902
"146",7165.049805
"147",7425.450195
"148",7520.899902
"149",7378.049805
"150",7391.899902
"151",7616.299805
"152",7590.049805
"153",7737.450195
"154",7629
"155",7871.899902
"156",7851.5
"157",7814.549805
"158",7743.600098
"159",7518.799805
"160",7299
"161",7330.549805
"162",7340.950195
"163",7324.850098
"164",7508.149902
"165",7644.600098
"166",7459.200195
"167",7374.25
"168",7147.299805
"169",7009.049805
"170",6767.450195
"171",6593.950195
"172",6780.899902
"173",6576.75
"174",6584.350098
"175",6347.149902
"176",6301.200195
"177",6113.649902
"178",6211.799805
"179",6140.049805
"180",5949.200195
"181",5814.350098
"182",5971.25
"183",5999.350098
"184",5993.149902
"185",6127.75
"186",6425.649902
"187",6200.549805
"188",5957.25
"189",5758.600098
"190",5593.75
"191",5489.850098
"192",5480.700195
"193",5512.149902
"194",5210.899902
"195",5027.049805
"196",4732.850098
"197",5025.75
"198",4851.350098
"199",4990.899902
"200",5075.600098
"201",5106.799805
"202",5341.450195
"203",5339
"204",5240.700195
"205",5207.75
"206",4838.950195
"207",4726.450195
"208",5034.75
"209",5389.149902
"210",5601.5
"211",5793.700195
"212",6343.149902
"213",6213.600098
"214",5917.25
"215",5919.149902
"216",5422.149902
"217",5719.450195
"218",5730.049805
"219",5961.899902
"220",5992.399902
"221",6371.700195
"222",6328.200195
"223",6363.149902
"224",6447.5
"225",6723.200195
"226",6490.799805
"227",6370.75
"228",6030.049805
"229",6015.049805
"230",5992.399902
"231",6026.299805
"232",5711.549805
"233",5776.049805
"234",5860.799805
"235",5943.200195
"236",5823.549805
"237",5721.149902
"238",6102.049805
"239",6128.850098
"240",6508.899902
"241",6494.649902
"242",6288.600098
"243",6538.850098
"244",6441.350098
"245",6427.549805
"246",6332.25
"247",6194.149902
"248",5997.649902
"249",6132.950195
"250",5912.5
"251",6077.200195
"252",6312.049805
"253",6303.899902
"254",6033.350098
"255",6109.649902
"256",6080.200195
"257",5828.600098
"258",5538.75
"259",5803.549805
"260",5982.399902
"261",5793.350098
"262",5560.549805
"263",5457.549805
"264",5222.600098
"265",4938
"266",5496.75
"267",5578.399902
"268",5425.25
"269",5481.649902
"270",5183.549805
"271",5284.200195
"272",5414.5
"273",5095.75
"274",4932.399902
"275",4310.049805
"276",4092.899902
"277",4280.450195
"278",4521.700195
"279",4875.700195
"280",5220.700195
"281",5121.299805
"282",4940
"283",5043.549805
"284",5261.149902
"285",4945.700195
"286",4748.149902
"287",4719.399902
"288",4545.299805
"289",4346.75
"290",4233.700195
"291",4086.899902
"292",4300.700195
"293",4164.75
"294",4053.199951
"295",4267.899902
"296",NA
"297",4291.149902
"298",4124.299805
"299",4099.299805
"300",4220.350098
"301",4446.649902
"302",4357
"303",4429.850098
"304",4550.75
"305",4597.149902
"306",4655.299805
"307",4707.5
"308",4820.649902
"309",4789.649902
"310",5122.950195
"311",5144.149902
"312",5036.5
"313",4858.350098
"314",4930.25
"315",4789.450195
"316",4953.950195
"317",5062.200195
"318",5001.549805
"319",5195.100098
"320",5359.399902
"321",5395.299805
"322",4984.549805
"323",4906.700195
"324",4698
"325",4661.700195
"326",4751.100098
"327",4484.649902
"328",4581.25
"329",4542.25
"330",4402.350098
"331",4252.299805
"332",4289.799805
"333",4082.149902
"334",4199.549805
"335",4340.100098
"336",4362.049805
"337",4456.549805
"338",4238.149902
"339",4253.799805
"340",4251.200195
"341",4235.350098
"342",4334.149902
"343",4459.5
"344",4515.799805
"345",4504.299805
"346",4468.350098
"347",4565.850098
"348",4351.450195
"349",4164.299805
"350",4077.300049
"351",4059.149902
"352",3934.399902
"353",3878.600098
"354",3911.699951
"355",3834.899902
"356",3892.399902
"357",3718.350098
"358",3636.850098
"359",3586.899902
"360",3446.350098
"361",3455.350098
"362",3339.699951
"363",3442.550049
"364",3632.75
"365",3736.649902
"366",3644.649902
"367",3727.649902
"368",3763.5
"369",3691.699951
"370",3944.75
"371",4008.050049
"372",4126.450195
"373",4285.149902
"374",4406.799805
"375",4035.699951
"376",4133.200195
"377",4211.450195
"378",4426.049805
"379",4487.100098
"380",4479.350098
"381",4584.799805
"382",4818
"383",5049.450195
"384",4915.75
"385",5056.899902
"386",5009.200195
"387",4853.899902
"388",4813.299805
"389",4968.399902
"390",5125.350098
"391",5182.75
"392",4931.299805
"393",5130.950195
"394",NA
"395",5504.049805
"396",5596.200195
"397",5446.450195
"398",5577.299805
"399",5409.75
"400",5343.600098
"401",5585.549805
"402",5523.75
"403",5495.100098
"404",5695.049805
"405",6766.549805
"406",7268.200195
"407",7128.600098
"408",6905.049805
"409",7036.299805
"410",7049.75
"411",6851.100098
"412",7215.200195
"413",7338.600098
"414",7414.350098
"415",7376
"416",7374.549805
"417",7262.299805
"418",7347.350098
"419",7348.399902
"420",6975.049805
"421",7185.75
"422",7338.950195
"423",7251.649902
"424",7083.100098
"425",7081.200195
"426",7274.149902
"427",7081.75
"428",7081.149902
"429",7223.549805
"430",7229.549805
"431",7091.299805
"432",7107.899902
"433",7123
"434",7398.450195
"435",7508.600098
"436",7338.850098
"437",7452.600098
"438",7397.950195
"439",7566.049805
"440",6946.450195
"441",6952.600098
"442",6661.75
"443",6672.75
"444",6520.600098
"445",6531.299805
"446",6756.399902
"447",6938.700195
"448",6912.399902
"449",7231.049805
"450",7530.200195
"451",7430.399902
"452",7329.549805
"453",7473.5
"454",7385.549805
"455",7398.649902
"456",7312.549805
"457",7224.200195
"458",7389.700195
"459",7544.5
"460",7650.100098
"461",7617.799805
"462",7607.5
"463",7471.799805
"464",7249.5
"465",7160
"466",7218.25
"467",7172.049805
"468",7472.399902
"469",7418.950195
"470",7104.850098
"471",7207.25
"472",7106.700195
"473",7261.200195
"474",7377.100098
"475",7507.399902
"476",7424.5
"477",7418.350098
"478",7385.649902
"479",7482.399902
"480",7431.649902
"481",7377.200195
"482",7339.549805
"483",7351
"484",7444.149902
"485",7650.649902
"486",7717.899902
"487",7776.200195
"488",7828.299805
"489",7914.950195
"490",7985.600098
"491",8210.700195
"492",8362.799805
"493",8433.349609
"494",8379.25
"495",8452
"496",8423.700195
"497",8545
"498",8456.25
"499",8487.700195
"500",8812.349609
"501",8861.049805
"502",8661.700195
"503",8808.400391
"504",8750
"505",8834.599609
"506",8696.799805
"507",8963.799805
"508",NA
"509",9150
"510",9296.75
"511",9526.700195
"512",9476.400391
"513",9273.049805
"514",9090.099609
"515",9188.400391
"516",9033.849609
"517",8698.799805
"518",8609.099609
"519",8417.849609
"520",8438.599609
"521",8255.450195
"522",8506.75
"523",8537.200195
"524",8723.75
"525",9137.5
"526",9179.5
"527",9337.599609
"528",9084.799805
"529",9155.650391
"530",9266.400391
"531",9299.599609
"532",9223.849609
"533",9041.650391
"534",9219.049805
"535",9274.099609
"536",9247.650391
"537",9303.150391
"538",9067.650391
"539",8945.049805
"540",9046.950195
"541",9250.950195
"542",9327.25
"543",9345.25
"544",9245.049805
"545",9175.599609
"546",9290.099609
"547",9146.349609
"548",9205.650391
"549",9097.200195
"550",8996.75
"551",8734.450195
"552",8667.400391
"553",8697.200195
"554",8599.950195
"555",8609.549805
"556",8712.5
"557",8919.049805
"558",8968.099609
"559",8991.900391
"560",8994.599609
"561",9029.5
"562",9112.349609
"563",9192.150391
"564",9223
"565",9192.950195
"566",9160.700195
"567",9173.549805
"568",8985.099609
"569",8926.099609
"570",8910.799805
"571",8911.099609
"572",9093.25
"573",9135.900391
"574",9126.349609
"575",8919.299805
"576",8772.650391
"577",8696.599609
"578",8329.799805
"579",8423.849609
"580",8651.549805
"581",8649.25
"582",8468.150391
"583",8631.849609
"584",8471.099609
"585",8223.25
"586",NA
"587",8342.200195
"588",8392.450195
"589",8290
"590",8381.400391
"591",8312.700195
"592",8397.799805
"593",8551.5
"594",8573.900391
"595",8487.099609
"596",8493.349609
"597",8512.950195
"598",8504.549805
"599",8537.799805
"600",8722.75
"601",8922.099609
"602",9039.450195
"603",9013.799805
"604",9038.450195
"605",9145.950195
"606",9138.200195
"607",9119.25
"608",9186.849609
"609",9172.900391
"610",9085.5
"611",9102.950195
"612",9188.400391
"613",9252.299805
"614",9270.799805
"615",9186.950195
"616",9222.900391
"617",9318.25
"618",9456.200195
"619",9517.599609
"620",9470.299805
"621",9459.599609
"622",9507.75
"623",9698.599609
"624",9728.200195
"625",9681.049805
"626",9520
"627",9656.5
"628",9575.450195
"629",9483
"630",9344.599609
"631",9353.75
"632",9302.900391
"633",9446.099609
"634",9555.299805
"635",9623.25
"636",9813.299805
"637",9839.150391
"638",9756.450195
"639",9634.900391
"640",9803.799805
"641",9870.349609
"642",9775.5
"643",9623.700195
"644",9581.849609
"645",9582
"646",9276.099609
"647",9656.25
"648",9626.099609
"649",9722.200195
"650",9773.349609
"651",9589.049805
"652",9526.5
"653",9492.25
"654",9108.349609
"655",9174.599609
"656",9135.700195
"657",9087.25
"658",8851.75
"659",9027.599609
"660",9258.450195
"661",9312.599609
"662",9363.700195
"663",9119.049805
"664",9192.450195
"665",9387.700195
"666",9455.950195
"667",9292.599609
"668",9185.299805
"669",9238.200195
"670",9346.450195
"671",9451.75
"672",9534.099609
"673",9554.400391
"674",9588.900391
"675",9613.400391
"676",9576.25
"677",9758.049805
"678",9675.5
"679",9718.950195
"680",9673.599609
"681",9451.099609
"682",9542.200195
"683",9381.400391
"684",9464.599609
"685",9349.400391
"686",9357.150391
"687",9385.349609
"688",9550.900391
"689",9449.25
"690",9566.599609
"691",9713.700195
"692",9850.599609
"693",9931.599609
"694",9956.650391
"695",9932.099609
"696",10013.450195
"697",10032.5
"698",9976
"699",9992.150391
"700",10060.25
"701",10093.900391
"702",10024
"703",10090.650391
"704",10068.150391
"705",10179.700195
"706",10161
"707",10411.5
"708",10502.650391
"709",10489.299805
"710",10454.900391
"711",10383.650391
"712",10524.099609
"713",10519.950195
"714",10428.650391
"715",10583.650391
"716",10737.349609
"717",10680.549805
"718",10770.25
"719",10894.049805
"720",11110.5
"721",11033.75
"722",11095.5
"723",11043
"724",10937.849609
"725",10981.700195
"726",10727.450195
"727",10747.25
"728",10746.349609
"729",10879.75
"730",10980.599609
"731",10991.200195
"732",11218.799805
"733",11192.950195
"734",11190.049805
"735",11446.700195
"736",11872.849609
"737",11928.349609
"738",11987.599609
"739",12032.049805
"740",12104.099609
"741",12251.200195
"742",12244.950195
"743",12305.700195
"744",12146.299805
"745",12263.549805
"746",12253.200195
"747",12272.400391
"748",12237.549805
"749",12366.349609
"750",12556.75
"751",12651.299805
"752",12596.5
"753",12629.200195
"754",12536.599609
"755",12473.400391
"756",12513
"757",12461.799805
"758",12745
"759",12598.849609
"760",12346.450195
"761",12331.299805
"762",12245.650391
"763",12176.5
"764",12435.799805
"765",12384.799805
"766",12424.700195
"767",12332.650391
"768",12182.650391
"769",12105.299805
"770",12330.75
"771",12734.900391
"772",12770.900391
"773",12891.799805
"774",13182.900391
"775",13105.099609
"776",13121.349609
"777",13007.099609
"778",12823.599609
"779",12457.299805
"780",12762.150391
"781",12524.450195
"782",12315.150391
"783",12062.950195
"784",12390.099609
"785",12206.450195
"786",11842.549805
"787",11652.400391
"788",11668.849609
"789",11828.349609
"790",11952.599609
"791",12310.75
"792",12472.599609
"793",12349.200195
"794",12051.200195
"795",11695.299805
"796",11460.200195
"797",11116.049805
"798",11447
"799",11518.099609
"800",11560.5
"801",11196.299805
"802",11424.150391
"803",11267.099609
"804",11537.25
"805",11467.700195
"806",11469.049805
"807",11477.049805
"808",11470.950195
"809",11427.299805
"810",11612.900391
"811",11629.299805
"812",11791.450195
"813",11855.75
"814",11564.049805
"815",11305.450195
"816",11186.799805
"817",11053.349609
"818",10700.650391
"819",10833.549805
"820",11128.150391
"821",10716.650391
"822",10432.900391
"823",10471.099609
"824",10618.5
"825",10615.150391
"826",10798.349609
"827",10889.400391
"828",11151.150391
"829",10872.950195
"830",10676.150391
"831",10578.25
"832",10641.849609
"833",10481.200195
"834",10470.150391
"835",10670.599609
"836",10433.849609
"837",10384.049805
"838",10147.75
"839",10116.650391
"840",10074.099609
"841",10447.75
"842",10802.549805
"843",10959.700195
"844",10960.700195
"845",11134.700195
"846",10949.700195
"847",11050.099609
"848",10836.799805
"849",10646.450195
"850",10210.75
"851",10435.849609
"852",10435.349609
"853",10885.400391
"854",10914.5
"855",10963.400391
"856",10782.25
"857",10931.549805
"858",10974.799805
"859",10850.25
"860",10740.950195
"861",10893.25
"862",10725.799805
"863",10957.599609
"864",10851.950195
"865",10715.900391
"866",10723.599609
"867",10771.299805
"868",10958.099609
"869",11070.349609
"870",11387.299805
"871",11523.400391
"872",11582.5
"873",11765.200195
"874",11705.450195
"875",11590.950195
"876",11804.299805
"877",11798.900391
"878",11730.049805
"879",11754.400391
"880",11673.25
"881",11597.799805
"882",11839.5
"883",11735.650391
"884",11539.75
"885",11586.75
"886",11794.549805
"887",11894.75
"888",11879
"889",11867.700195
"890",11779.849609
"891",11684.799805
"892",11483.75
"893",11243.799805
"894",10898.299805
"895",10913.349609
"896",10730.099609
"897",11145.099609
"898",11076.5
"899",11009.400391
"900",11059.049805
"901",10887.450195
"902",11020.950195
"903",10912.349609
"904",10668.849609
"905",10599.049805
"906",10558.349609
"907",10664.099609
"908",10368.25
"909",10425.549805
"910",10355.799805
"911",10468.299805
"912",10722.650391
"913",10781.450195
"914",NA
"915",11033.400391
"916",10839.25
"917",10782
"918",10854.650391
"919",10873.450195
"920",10791.450195
"921",10785.400391
"922",10714.25
"923",10717.5
"924",10803.950195
"925",10626.650391
"926",10572.150391
"927",10598.25
"928",10484.299805
"929",10459.150391
"930",10475.200195
"931",10526.450195
"932",10854.5
"933",11032.5
"934",11054.049805
"935",11153.349609
"936",11244.650391
"937",11255
"938",11379.799805
"939",11406.099609
"940",11283.049805
"941",11426.099609
"942",11285.150391
"943",11135.5
"944",11022.549805
"945",11142.25
"946",11263.799805
"947",11234.549805
"948",11228.849609
"949",11313.849609
"950",11164.700195
"951",11049.799805
"952",11291.950195
"953",11391.799805
"954",11114.549805
"955",11000.150391
"956",10828.5
"957",10893.650391
"958",10939
"959",10743.299805
"960",10639.549805
"961",10537.049805
"962",10354.5
"963",10232.299805
"964",10196.549805
"965",10463.200195
"966",10338.799805
"967",10182.700195
"968",10056.400391
"969",9953.200195
"970",9601.5
"971",9404.849609
"972",9407.349609
"973",9488.700195
"974",9331.849609
"975",9177.25
"976",8974.549805
"977",9342.450195
"978",9533.400391
"979",9581.349609
"980",9614.049805
"981",9657.599609
"982",9858.900391
"983",9920.049805
"984",9678.700195
"985",9395.25
"986",9339.700195
"987",9472.450195
"988",9660.349609
"989",9720.25
"990",9583.549805
"991",9812.700195
"992",9929
"993",9520.599609
"994",9375.700195
"995",9384.5
"996",9619.950195
"997",9512.150391
"998",9653.400391
"999",9468.299805
"1000",9185.900391
"1001",8913.349609
"1002",8701.299805
"1003",9038.25
"1004",9168.900391
"1005",9178.650391
"1006",9482.299805
"1007",9591.25
"1008",9660.400391
"1009",9721.299805
"1010",9583.900391
"1011",9841.349609
"1012",9746.400391
"1013",9695.349609
"1014",9647.849609
"1015",9511.599609
"1016",9917.049805
"1017",9989.650391
"1018",9822.25
"1019",9781.049805
"1020",9782.5
"1021",9836.349609
"1022",9852.549805
"1023",9592.650391
"1024",9292.549805
"1025",9275
"1026",9085.700195
"1027",9061.549805
"1028",8930.900391
"1029",8850.25
"1030",8554.150391
"1031",8611.700195
"1032",8399.299805
"1033",NA
"1034",8488.599609
"1035",8793.150391
"1036",8623.900391
"1037",8564.099609
"1038",8895.299805
"1039",9172.75
"1040",9173.75
"1041",9176.25
"1042",8915.700195
"1043",8811.099609
"1044",8543.400391
"1045",8571.950195
"1046",8533
"1047",8445.099609
"1048",8171.899902
"1049",7920.75
"1050",7798.549805
"1051",8189.149902
"1052",8384.650391
"1053",8296.450195
"1054",NA
"1055",8275.5
"1056",8111.399902
"1057",8027.399902
"1058",7968.649902
"1059",NA
"1060",8340.299805
"1061",8408.400391
"1062",8454.900391
"1063",8488.25
"1064",NA
"1065",8481.349609
"1066",8735.049805
"1067",8839.700195
"1068",8930.25
"1069",8975.049805
"1070",8940.25
"1071",9056.700195
"1072",9023.400391
"1073",9199.400391
"1074",9516.849609
"1075",9520.299805
"1076",9834
"1077",9856.599609
"1078",9813.650391
"1079",9537.099609
"1080",9919.450195
"1081",9949.099609
"1082",9992.049805
"1083",10133.650391
"1084",10269.25
"1085",10324.599609
"1086",10320.099609
"1087",10507.599609
"1088",10442.650391
"1089",10473.599609
"1090",10556.650391
"1091",10930.700195
"1092",10921.900391
"1093",11074.900391
"1094",11170.400391
"1095",10747.150391
"1096",10713.349609
"1097",10506.799805
"1098",10103.950195
"1099",10484
"1100",10414.200195
"1101",10288.900391
"1102",10434.299805
"1103",NA
"1104",10178.849609
"1105",10058.150391
"1106",10132.849609
"1107",10505.650391
"1108",10625.650391
"1109",10686.200195
"1110",10889.700195
"1111",10595
"1112",10391.349609
"1113",10188.849609
"1114",10281.599609
"1115",10524.450195
"1116",10173.549805
"1117",10294.549805
"1118",10043.5
"1119",10148.849609
"1120",9960.400391
"1121",9927.650391
"1122",10212.75
"1123",10305.349609
"1124",10432.599609
"1125",10340.099609
"1126",10131.599609
"1127",10196.049805
"1128",10214.25
"1129",10400.700195
"1130",10306.25
"1131",10432.700195
"1132",10519.549805
"1133",10512.450195
"1134",10567.900391
"1135",10456.5
"1136",10243.150391
"1137",10215.150391
"1138",10159.849609
"1139",10128
"1140",10148.700195
"1141",10276.799805
"1142",10306.599609
"1143",10126.549805
"1144",9802.349609
"1145",9876.349609
"1146",9588.75
"1147",9404.799805
"1148",9410.900391
"1149",9398.099609
"1150",9257.650391
"1151",9319.700195
"1152",9164.25
"1153",9154.200195
"1154",9310.25
"1155",NA
"1156",9268.799805
"1157",9209.900391
"1158",9437.599609
"1159",9456.299805
"1160",9698.299805
"1161",9708.099609
"1162",9534.049805
"1163",9441
"1164",9267.599609
"1165",9362.299805
"1166",9460.150391
"1167",9742.799805
"1168",9950.900391
"1169",9998.849609
"1170",9969.200195
"1171",10139.200195
"1172",10128.150391
"1173",9836.950195
"1174",10064.799805
"1175",9749.900391
"1176",9786.450195
"1177",9831.799805
"1178",10033.650391
"1179",10038.349609
"1180",9925.75
"1181",9970.099609
"1182",10017.799805
"1183",10003.849609
"1184",10340.650391
"1185",10412.200195
"1186",10481.299805
"1187",10529.450195
"1188",10641.900391
"1189",10655.349609
"1190",10588.049805
"1191",10751.549805
"1192",10713.299805
"1193",10616.299805
"1194",10594.450195
"1195",10568.200195
"1196",10558.049805
"1197",10607.099609
"1198",10622.049805
"1199",10481.599609
"1200",10274.599609
"1201",10299
"1202",10267.849609
"1203",10083.799805
"1204",10140.549805
"1205",10412.150391
"1206",10384.099609
"1207",10419.900391
"1208",10379.599609
"1209",10315.599609
"1210",10462.400391
"1211",10591.950195
"1212",10529.25
"1213",10445.900391
"1214",10358.950195
"1215",10401.299805
"1216",10519.150391
"1217",10426.75
"1218",10417.900391
"1219",10469.5
"1220",10472.200195
"1221",10457.700195
"1222",10332.849609
"1223",10150.400391
"1224",NA
"1225",10011.900391
"1226",10085.200195
"1227",9990.5
"1228",9963
"1229",10020.650391
"1230",9827.900391
"1231",9893.150391
"1232",10122
"1233",NA
"1234",10069.849609
"1235",10135.900391
"1236",10183.450195
"1237",10207.799805
"1238",10642.900391
"1239",10981.650391
"1240",11043.5
"1241",10920.799805
"1242",11358.5
"1243",11423.5
"1244",11420.75
"1245",11427.25
"1246",11419.450195
"1247",11456.799805
"1248",11420.450195
"1249",11414.950195
"1250",11636.049805
"1251",11511.400391
"1252",11362.200195
"1253",11446.099609
"1254",11291.5
"1255",11431.299805
"1256",11388.450195
"1257",11441.799805
"1258",11348
"1259",11358.25
"1260",11586.349609
"1261",11491.200195
"1262",11607.400391
"1263",11578.150391
"1264",11614.5
"1265",11472.150391
"1266",11203
"1267",11268.799805
"1268",11315.049805
"1269",11460.450195
"1270",11475.150391
"1271",11539.049805
"1272",11665.5
"1273",11613.549805
"1274",11475.599609
"1275",NA
"1276",11583.849609
"1277",11521.400391
"1278",11335.5
"1279",11306.950195
"1280",11318.299805
"1281",11465.349609
"1282",11508.349609
"1283",11475.799805
"1284",11432.450195
"1285",11657.400391
"1286",11992.799805
"1287",12158.900391
"1288",12103.900391
"1289",12197.150391
"1290",12281.599609
"1291",12427.549805
"1292",12363.700195
"1293",12381.650391
"1294",12344.599609
"1295",12301.700195
"1296",12269.150391
"1297",12424.700195
"1298",12427.450195
"1299",12477.150391
"1300",12510.25
"1301",12486.5
"1302",12315.049805
"1303",12317.700195
"1304",12479.450195
"1305",12459.700195
"1306",12458.150391
"1307",12474.25
"1308",NA
"1309",12786.849609
"1310",12778.150391
"1311",12787.349609
"1312",12708.700195
"1313",12725.5
"1314",12718
"1315",12802.25
"1316",12617.849609
"1317",12758.75
"1318",12855.400391
"1319",12638.5
"1320",12649.599609
"1321",12680
"1322",12651.349609
"1323",12574.349609
"1324",12635.200195
"1325",12561.400391
"1326",12693.25
"1327",12781.349609
"1328",12722.799805
"1329",12767.5
"1330",12708.599609
"1331",12606.25
"1332",12548.349609
"1333",12467.75
"1334",12417.700195
"1335",12349.299805
"1336",12280.150391
"1337",12333
"1338",12405.25
"1339",12385.099609
"1340",12311.299805
"1341",12336.549805
"1342",12347.200195
"1343",12413.650391
"1344",12363.700195
"1345",12055.5
"1346",12068.950195
"1347",12037.299805
"1348",11844.849609
"1349",11930.5
"1350",11487.349609
"1351",11540.049805
"1352",11575.599609
"1353",11792.049805
"1354",11876.200195
"1355",11970.25
"1356",12197.25
"1357",12165.400391
"1358",12054.5
"1359",11777.5
"1360",12020.75
"1361",11816.549805
"1362",11735.5
"1363",11508.049805
"1364",11254.849609
"1365",11238.349609
"1366",11204.049805
"1367",11125.650391
"1368",11163.450195
"1369",11361.849609
"1370",11425.549805
"1371",11523.400391
"1372",11344.099609
"1373",11126.25
"1374",11098.950195
"1375",11012.650391
"1376",10929.150391
"1377",11122.25
"1378",11306.5
"1379",11410.099609
"1380",11526.25
"1381",11871.599609
"1382",11981.049805
"1383",12288.25
"1384",12576.200195
"1385",12543.400391
"1386",12726.849609
"1387",12533.150391
"1388",12609.150391
"1389",12561.549805
"1390",12709.950195
"1391",12393.599609
"1392",12396.400391
"1393",12631.5
"1394",12643.049805
"1395",12596.299805
"1396",12752.299805
"1397",12568.849609
"1398",12583.599609
"1399",13077.900391
"1400",13239.450195
"1401",13317.099609
"1402",13181.5
"1403",13066.5
"1404",13008.25
"1405",12636.5
"1406",12769.349609
"1407",12961.549805
"1408",12950
"1409",12853.200195
"1410",12805.900391
"1411",12475.650391
"1412",12402.099609
"1413",12275.099609
"1414",12289.349609
"1415",12398.400391
"1416",12231.5
"1417",12087.049805
"1418",11820.5
"1419",11814.849609
"1420",11686.75
"1421",11922.849609
"1422",11971.049805
"1423",11820.950195
"1424",11852.650391
"1425",11375.400391
"1426",11340.150391
"1427",11178.299805
"1428",11181.049805
"1429",11066.549805
"1430",11235.75
"1431",11617.25
"1432",11714.900391
"1433",11614.25
"1434",11357.799805
"1435",11381.200195
"1436",11434.299805
"1437",11283.299805
"1438",11442.450195
"1439",11364.450195
"1440",11655.299805
"1441",11722.799805
"1442",11790.25
"1443",11226.150391
"1444",10971.599609
"1445",11187.700195
"1446",10973.900391
"1447",11086.950195
"1448",11239.700195
"1449",10720.150391
"1450",10614
"1451",10465.25
"1452",10331
"1453",10209.549805
"1454",10015.75
"1455",10142.950195
"1456",9997.799805
"1457",10094.900391
"1458",9703.099609
"1459",9757.25
"1460",9816.400391
"1461",9711.400391
"1462",9985.650391
"1463",10026.400391
"1464",9450.849609
"1465",9145
"1466",9218.950195
"1467",9264.400391
"1468",9268.900391
"1469",9470.099609
"1470",9373.549805
"1471",8870.5
"1472",8760.849609
"1473",8904.599609
"1474",9049.200195
"1475",9139.5
"1476",8664.200195
"1477",8845.75
"1478",9682.400391
"1479",9961.400391
"1480",10188.25
"1481",10369.099609
"1482",10158.549805
"1483",10180.450195
"1484",10368.400391
"1485",10279.599609
"1486",10447.849609
"1487",11148.650391
"1488",10686.799805
"1489",10211.700195
"1490",10175.900391
"1491",10081.700195
"1492",10098.25
"1493",9899.75
"1494",9617.799805
"1495",9883.299805
"1496",10222.950195
"1497",10197.150391
"1498",10082.099609
"1499",10141.450195
"1500",10334.950195
"1501",10288.950195
"1502",10622.150391
"1503",10665.25
"1504",10389.25
"1505",10336.549805
"1506",10744.900391
"1507",10797.549805
"1508",10809.099609
"1509",10880.650391
"1510",10902.450195
"1511",10896.5
"1512",10773.200195
"1513",11241.650391
"1514",11249.349609
"1515",11473.150391
"1516",11628.650391
"1517",11498.900391
"1518",11292.549805
"1519",11054.900391
"1520",10913.150391
"1521",10758.450195
"1522",10583.049805
"1523",10523.349609
"1524",10811.200195
"1525",11142.299805
"1526",11187.849609
"1527",10967.150391
"1528",10706.900391
"1529",10677.349609
"1530",11083.400391
"1531",10909.349609
"1532",10899.299805
"1533",10906.75
"1534",11153.950195
"1535",11284.349609
"1536",11211.299805
"1537",11156.75
"1538",11665.099609
"1539",11720.200195
"1540",12065.900391
"1541",11843.450195
"1542",11784.349609
"1543",11635.5
"1544",11366.900391
"1545",11372.950195
"1546",11208.650391
"1547",11357.900391
"1548",11087.450195
"1549",11292.349609
"1550",11378.5
"1551",11330.650391
"1552",11385.75
"1553",11459.700195
"1554",11376
"1555",11385.25
"1556",NA
"1557",11183.200195
"1558",11181.650391
"1559",11049.049805
"1560",11036.75
"1561",11053.700195
"1562",10970.450195
"1563",10805.299805
"1564",11021.599609
"1565",10948.900391
"1566",11125.400391
"1567",11092.549805
"1568",10911.349609
"1569",11007.5
"1570",11171.5
"1571",11207.349609
"1572",11199
"1573",10982.400391
"1574",10540.400391
"1575",10507.599609
"1576",10437.75
"1577",10153.150391
"1578",10237.75
"1579",10102.099609
"1580",10191.200195
"1581",10231.650391
"1582",10205.200195
"1583",10263.200195
"1584",10213.900391
"1585",10245.450195
"1586",10348.799805
"1587",10135.700195
"1588",10203.75
"1589",10326.549805
"1590",10575.200195
"1591",10609.599609
"1592",10428.299805
"1593",10554.349609
"1594",10683.5
"1595",10666.75
"1596",10730.400391
"1597",10764.700195
"1598",10651.950195
"1599",10929.049805
"1600",11098.799805
"1601",11278.349609
"1602",11884.75
"1603",12108.099609
"1604",12043.150391
"1605",12024.099609
"1606",12141.450195
"1607",12055.849609
"1608",12114.849609
"1609",12186.549805
"1610",12017.25
"1611",12092.349609
"1612",NA
"1613",12408.150391
"1614",12450
"1615",12518.349609
"1616",12604.950195
"1617",12754.700195
"1618",12742.049805
"1619",12588.5
"1620",12715.299805
"1621",12563.849609
"1622",12551.700195
"1623",12506.450195
"1624",12937.400391
"1625",12949.400391
"1626",12840.200195
"1627",12579.900391
"1628",12563.150391
"1629",12787.25
"1630",12958.5
"1631",12987.099609
"1632",13122.099609
"1633",NA
"1634",13034.5
"1635",13081.549805
"1636",12910.549805
"1637",12855.849609
"1638",12842
"1639",12880.650391
"1640",12966.049805
"1641",12938.200195
"1642",13037.400391
"1643",13750.5
"1644",14085.049805
"1645",14165.549805
"1646",14207.099609
"1647",14236.549805
"1648",14853
"1649",15222.150391
"1650",15111.200195
"1651",14952.099609
"1652",15055.549805
"1653",15285.5
"1654",15175.900391
"1655",15084
"1656",15173.349609
"1657",15030.299805
"1658",14793.400391
"1659",15287.25
"1660",15257.5
"1661",15333.400391
"1662",15282.150391
"1663",15543.150391
"1664",15567.400391
"1665",15427.799805
"1666",15450.549805
"1667",15464.849609
"1668",15106.900391
"1669",15030
"1670",15373.200195
"1671",15220.400391
"1672",15067.400391
"1673",14997.650391
"1674",15076.349609
"1675",15309.5
"1676",15237.849609
"1677",15050
"1678",14992.349609
"1679",15241.900391
"1680",15321.349609
"1681",15490.349609
"1682",15451.650391
"1683",15556.150391
"1684",15367.599609
"1685",14997.5
"1686",14931.099609
"1687",14821.700195
"1688",14447.200195
"1689",14489.75
"1690",14891.900391
"1691",15265.450195
"1692",15269.049805
"1693",15389.349609
"1694",15385.950195
"1695",15427.349609
"1696",15463
"1697",15534.349609
"1698",15322.25
"1699",15212.150391
"1700",15452.400391
"1701",15267.599609
"1702",15127.799805
"1703",15242.349609
"1704",15293.25
"1705",15008.650391
"1706",14986.849609
"1707",14765.75
"1708",14846.799805
"1709",15056.700195
"1710",14910.900391
"1711",15089.650391
"1712",15439.75
"1713",15524.650391
"1714",15481.700195
"1715",15662.200195
"1716",15819.150391
"1717",15669
"1718",15624.099609
"1719",15717.650391
"1720",15740.400391
"1721",16012.799805
"1722",16130.549805
"1723",16110
"1724",16033.549805
"1725",15982.5
"1726",16206.700195
"1727",16156.75
"1728",16151.75
"1729",16204.150391
"1730",16254.150391
"1731",16167.549805
"1732",15844.099609
"1733",15838.599609
"1734",16156.849609
"1735",16152.150391
"1736",16194.549805
"1737",15902.849609
"1738",15740.299805
"1739",15299.049805
"1740",15607.25
"1741",15473.549805
"1742",15392.25
"1743",15316.200195
"1744",15180.25
"1745",15344
"1746",15741.200195
"1747",15453.799805
"1748",15677.5
"1749",15751.549805
"1750",NA
"1751",15541.599609
"1752",15929.799805
"1753",16216.599609
"1754",16427.25
"1755",16444.699219
"1756",16556.599609
"1757",16667
"1758",16634.050781
"1759",16760.050781
"1760",17045.050781
"1761",17134.099609
"1762",17352.949219
"1763",17347.050781
"1764",17262.400391
"1765",17390.199219
"1766",17587.050781
"1767",17453
"1768",17576.800781
"1769",17640.400391
"1770",17702.550781
"1771",17585.650391
"1772",17645.050781
"1773",18056.300781
"1774",18281.949219
"1775",18037.050781
"1776",17975.949219
"1777",18022.5
"1778",18513.150391
"1779",18525.300781
"1780",18555.849609
"1781",18645.849609
"1782",18782.849609
"1783",18756.75
"1784",18510.050781
"1785",18290.650391
"1786",18462.949219
"1787",18405
"1788",18299.75
"1789",18372.650391
"1790",17830.550781
"1791",17865.75
"1792",18326.599609
"1793",18478.900391
"1794",18747.349609
"1795",18603.75
"1796",18535.349609
"1797",18557.199219
"1798",18528.349609
"1799",18647.550781
"1800",18736.650391
"1801",NA
"1802",19057.800781
"1803",19017.400391
"1804",18430.75
"1805",18304.25
"1806",18701.400391
"1807",18637.25
"1808",18795.849609
"1809",18707.199219
"1810",18603.800781
"1811",19235.650391
"1812",19223.150391
"1813",19406.050781
"1814",19767.050781
"1815",19843.25
"1816",19917.650391
"1817",20072.699219
"1818",20555.25
"1819",20491.75
"1820",20528.599609
"1821",19843.75
"1822",19865.900391
"1823",19382.949219
"1824",19174
"1825",19051.900391
"1826",NA
"1827",18403.849609
"1828",18752.5
"1829",18940.800781
"1830",19128.599609
"1831",19369.699219
"1832",19189.949219
"1833",19296.5
"1834",19188.300781
"1835",19073.550781
"1836",18913.400391
"1837",18883.800781
"1838",18733.050781
"1839",18538.099609
"1840",19074.550781
"1841",NA
"1842",20008.099609
"1843",19961.199219
"1844",19643.900391
"1845",19748
"1846",19145.550781
"1847",19054.400391
"1848",19044
"1849",19141.849609
"1850",18779.800781
"1851",18837.349609
"1852",19058.25
"1853",19147.25
"1854",18811.150391
"1855",18606.349609
"1856",18449
"1857",18331.449219
"1858",18310.099609
"1859",17831.650391
"1860",18044.800781
"1861",18361.800781
"1862",18206.650391
"1863",NA
"1864",18605.449219
"1865",18469.300781
"1866",18416.599609
"1867",18875.849609
"1868",NA
"1869",NA
"1870",18716.300781
"1871",18637.050781
"1872",NA
"1873",18112.75
"1874",18105.75
"1875",18243.699219
"1876",18245.599609
"1877",NA
"1878",17767.599609
"1879",18246.25
"1880",18302.650391
"1881",NA
"1882",18501.300781
"1883",18471.449219
"1884",17799.550781
"1885",17376.900391
"1886",NA
"1887",18199.75
"1888",17628.650391
"1889",18097.449219
"1890",18116.199219
"1891",NA
"1892",18422.949219
"1893",18380.400391
"1894",18555.150391
"1895",18513.150391
"1896",NA
"1897",18324.849609
"1898",18329.300781
"1899",18538.849609
"1900",18449.199219
"1901",18721.349609
"1902",18617
"1903",17977.300781
"1904",17721.400391
"1905",17719.199219
"1906",17549.25
"1907",17432.599609
"1908",17489.900391
"1909",17707.25
"1910",17304.400391
"1911",17523.550781
"1912",17458.699219
"1913",17602.449219
"1914",17584.050781
"1915",17733.550781
"1916",17880.849609
"1917",18334.5
"1918",18391.349609
"1919",18365.550781
"1920",18492.900391
"1921",18371.5
"1922",18241.25
"1923",18296.099609
"1924",18581.599609
"1925",18585.550781
"1926",18729.650391
"1927",18825.150391
"1928",18798.5
"1929",18463.150391
"1930",18508.699219
"1931",18719.800781
"1932",18893.550781
"1933",18780.199219
"1934",18816.25
"1935",19168.050781
"1936",19094.699219
"1937",19032.699219
"1938",18723.400391
"1939",18997
"1940",18865
"1941",18635.849609
"1942",18213.050781
"1943",18282.800781
"1944",18323.400391
"1945",18440.400391
"1946",18729.849609
"1947",18914.699219
"1948",18972.599609
"1949",18928.550781
"1950",19029.349609
"1951",18893.550781
"1952",18875
"1953",18616.900391
"1954",18059.75
"1955",18175.400391
"1956",18723.599609
"1957",18822.050781
"1958",18780.849609
"1959",18703.25
"1960",18283.099609
"1961",18057.199219
"1962",16811.800781
"1963",17192.75
"1964",16917.650391
"1965",17214.400391
"1966",17211.949219
"1967",17146.550781
"1968",16530.300781
"1969",16252.700195
"1970",16555.400391
"1971",16129.099609
"1972",15790.099609
"1973",16350.950195
"1974",16631.5
"1975",16597.650391
"1976",16612.599609
"1977",16911.800781
"1978",16739.550781
"1979",NA
"1980",17409.150391
"1981",17542.900391
"1982",17031.150391
"1983",17255.300781
"1984",NA
"1985",17100.300781
"1986",17281.199219
"1987",17216.300781
"1988",NA
"1989",17674.050781
"1990",17605.349609
"1991",17616.800781
"1992",17474.300781
"1993",17590.25
"1994",17583.150391
"1995",17554.849609
"1996",17543.25
"1997",17686.099609
"1998",17912.849609
"1999",17855.050781
"2000",17830.25
"2001",17710.550781
"2002",17934.050781
"2003",17815.050781
"2004",17806.300781
"2005",17373.150391
"2006",17212.199219
"2007",17354.5
"2008",17340.599609
"2009",17325.599609
"2010",17221.050781
"2011",16995.099609
"2012",NA
"2013",NA
"2014",NA
"2015",NA
"2016",NA
"2017",NA
"2018",NA
"2019",NA
"2020",NA
"2021",NA
"2022",NA
"2023",NA
"2024",NA
"2025",NA
"2026",NA
"2027",NA
"2028",NA
"2029",NA
"2030",NA
"2031",NA
"2032",NA
"2033",NA
"2034",NA
"2035",NA
"2036",16398.650391
"2037",NA
"2038",NA
"2039",NA
"2040",NA
"2041",NA
"2042",NA
"2043",NA
"2044",NA
"2045",NA
"2046",NA
"2047",NA
"2048",NA
"2049",NA
"2050",NA
"2051",NA
"2052",NA
"2053",NA
"2054",NA
"2055",NA
"2056",NA
"2057",15609.799805
"2058",NA
"2059",NA
"2060",NA
"2061",NA
"2062",NA
"2063",NA
"2064",15561.150391
"2065",NA
"2066",NA
"2067",NA
"2068",NA
"2069",NA
"2070",NA
"2071",NA
"2072",NA
"2073",15046.799805
"2074",NA
"2075",NA
"2076",NA
"2077",NA
"2078",NA
"2079",NA
"2080",NA
"2081",NA
"2082",14344.200195
"2083",NA
"2084",NA
"2085",NA
"2086",13555.700195
"2087",NA
"2088",NA
"2089",NA
"2090",NA
"2091",NA
"2092",NA
"2093",NA
"2094",NA
"2095",NA
"2096",NA
"2097",NA
"2098",NA
"2099",NA
"2100",NA
"2101",NA
"2102",NA
"2103",NA
"2104",NA
"2105",NA
"2106",NA
"2107",NA
"2108",NA
"2109",NA
"2110",16190.599609
"2111",NA
"2112",NA
"2113",NA
"2114",NA
"2115",NA
"2116",NA
"2117",NA
"2118",NA
"2119",NA
"2120",NA
"2121",NA
"2122",NA
"2123",NA
"2124",NA
"2125",NA
"2126",NA
"2127",NA
"2128",NA
"2129",NA
"2130",NA
"2131",NA
"2132",NA
"2133",NA
"2134",NA
"2135",NA
"2136",NA
"2137",NA
"2138",NA
"2139",NA
"2140",NA
"2141",NA
"2142",NA
"2143",NA
"2144",16997.449219
"2145",NA
"2146",NA
"2147",NA
"2148",NA
"2149",NA
"2150",NA
"2151",NA
"2152",17671.400391
"2153",NA
"2154",NA
"2155",NA
"2156",17828.599609
"2157",NA
"2158",NA
"2159",NA
"2160",NA
"2161",NA
"2162",NA
"2163",NA
"2164",NA
"2165",NA
"2166",NA
"2167",NA
"2168",NA
"2169",NA
"2170",NA
"2171",NA
"2172",NA
"2173",NA
"2174",NA
"2175",NA
"2176",NA
"2177",NA
"2178",NA
"2179",NA
"2180",NA
"2181",NA
"2182",NA
"2183",NA
"2184",NA
"2185",NA
"2186",NA
"2187",NA
"2188",NA
"2189",19076.550781
"2190",NA
"2191",NA
"2192",NA
"2193",NA
"2194",NA
"2195",NA
"2196",NA
"2197",NA
"2198",NA
"2199",NA
"2200",NA
"2201",NA
"2202",NA
"2203",NA
"2204",NA
"2205",NA
"2206",NA
"2207",NA
"2208",NA
"2209",NA
"2210",NA
"2211",NA
"2212",NA
"2213",NA
"2214",NA
"2215",NA
"2216",NA
"2217",NA
"2218",NA
"2219",NA
"2220",NA
"2221",NA
"2222",NA
"2223",NA
"2224",NA
"2225",NA
"2226",NA
"2227",NA
"2228",NA
"2229",NA
"2230",NA
"2231",NA
"2232",NA
"2233",NA
"2234",NA
"2235",NA
"2236",NA
"2237",NA
"2238",NA
"2239",NA
"2240",NA
"2241",NA
"2242",NA
"2243",NA
"2244",NA
"2245",NA
"2246",NA
"2247",NA
"2248",NA
"2249",NA
"2250",NA
"2251",NA
"2252",NA
"2253",NA
"2254",NA
"2255",NA
"2256",NA
"2257",NA
"2258",20200.25
"2259",NA
"2260",NA
"2261",NA
"2262",NA
"2263",NA
"2264",NA
"2265",NA
"2266",NA
"2267",NA
"2268",NA
"2269",NA
"2270",NA
"2271",NA
"2272",NA
"2273",NA
"2274",NA
"2275",NA
"2276",NA
"2277",NA
"2278",NA
"2279",18392.949219
"2280",18466.050781
"2281",18341.5
"2282",18401.150391
"2283",18312.800781
"2284",18257.050781
"2285",18069.400391
"2286",18084.5
"2287",17891.449219
"2288",17884
"2289",NA
"2290",17879.550781
"2291",17876.699219
"2292",18033.150391
"2293",18177.199219
"2294",NA
"2295",18035.599609
"2296",17891
"2297",18115.949219
"2298",18264
"2299",18286.650391
"2300",18409.599609
"2301",18830
"2302",18873.949219
"2303",18912.099609
"2304",19096.449219
"2305",19067.050781
"2306",19164.5
"2307",19124.25
"2308",18820.800781
"2309",18842.699219
"2310",19023.5
"2311",19473.199219
"2312",19708.300781
"2313",19585.25
"2314",19515.150391
"2315",20020.599609
"2316",20070.300781
"2317",20196.800781
"2318",20371.599609
"2319",20327.25
"2320",20245.400391
"2321",20151.150391
"2322",20213.900391
"2323",20251.800781
"2324",20258.099609
"2325",20163.699219
"2326",20243.699219
"2327",20551.349609
"2328",20677.099609
"2329",20860.949219
"2330",20868.449219
"2331",20876.650391
"2332",20613.050781
"2333",20607.25
"2334",20783.75
"2335",20560.050781
"2336",20495.599609
"2337",20663.650391
"2338",20627.5
"2339",20676.550781
"2340",20721.349609
"2341",20727.550781
"2342",21102.699219
"2343",21157.900391
"2344",21249.900391
"2345",21175.050781
"2346",21110.25
"2347",21019
"2348",20781.349609
"2349",20895.5
"2350",21122.550781
"2351",21056.900391
"2352",21225.400391
"2353",21391.150391
"2354",21620.699219
"2355",21444.150391
"2356",21547.75
"2357",21652.699219
"2358",21622.949219
"2359",21431.150391
"2360",21520.150391
"2361",21736.150391
"2362",21666.800781
"2363",21686.599609
"2364",21647.599609
"2365",21671.849609
"2366",21556.349609
"2367",21491.400391
"2368",21551.449219
"2369",21857.400391
"2370",22054.699219
"2371",22242.849609
"2372",22326.300781
"2373",22358.25
"2374",22341.349609
"2375",22307.300781
"2376",22720.099609
"2377",22604.949219
"2378",22767.349609
"2379",22707.300781
"2380",22830.349609
"2381",22818.449219
"2382",22671.699219
"2383",22821.5
"2384",22928.599609
"2385",22935.949219
"2386",22698.599609
"2387",22769.800781
"2388",22652.849609
"2389",22582.800781
"2390",22536.300781
"2391",23190.800781
"2392",23362.199219
"2393",23182.75
"2394",23307.25
"2395",23424.800781
"2396",23310.150391
"2397",23375.900391
"2398",23459.650391
"2399",23416.300781
"2400",23567.650391
"2401",23536.099609
"2402",23690.900391
"2403",23470.449219
"2404",23477.849609
"2405",23498.699219
"2406",23391.75
"2407",23502.75
"2408",23742.150391
"2409",23697.949219
"2410",23708.75
"2411",23736.099609
"2412",23542.75
"2413",23216.25
"2414",23235.849609
"2415",23227.300781
"2416",23211.199219
"2417",23272.800781
"2418",23214.199219
"2419",23352.599609
"2420",23466.650391
"2421",23449.150391
"2422",23675.050781
"2423",23584.599609
"2424",23695.449219
"2425",23888.650391
"2426",23937.699219
"2427",24015.050781
"2428",24022.050781
"2429",24152.650391
"2430",24213.349609
"2431",24257.050781
"2432",24420.849609
"2433",24520.699219
"2434",24670.699219
"2435",24922.400391
"2436",24811.300781
"2437",25103.650391
"2438",25122.800781
"2439",25055.199219
"2440",24675.050781
"2441",24827.449219
"2442",24906.349609
"2443",24599.5
"2444",24374.599609
"2445",24217.349609
"2446",23985.75
"2447",24115.75
"2448",24437.699219
"2449",24237.25
"2450",24074.449219
"2451",23936.5
"2452",23974.449219
"2453",24316.800781
"2454",24274.199219
"2455",24377.099609
"2456",24128.949219
"2457",24308.699219
"2458",24318.400391
"2459",24434
"2460",NA
"2461",24328.300781
"2462",24279.150391
"2463",24304.900391
"2464",24370.800781
"2465",24672.25
"2466",24784.699219
"2467",24831.800781
"2468",24912.25
"2469",24844.300781
"2470",25046.900391
"2471",25041.550781
"2472",24965.050781
"2473",24799.25
"2474",24368.849609
"2475",24165.050781
"2476",24199.150391
"2477",23812.949219
"2478",24008.150391
"2479",24053
"2480",24103.400391
"2481",24113.300781
"2482",24058.050781
"2483",24190
"2484",24251.900391
"2485",24347.449219
"2486",24107.449219
"2487",24361.25
"2488",24689.150391
"2489",24703.050781
"2490",24645.599609
"2491",24313.75
"2492",24009.75
"2493",24088.900391
"2494",24222.150391
"2495",25035.900391
"2496",25022.199219
"2497",24839.550781
"2498",24988.550781
"2499",25019.349609
"2500",25490.449219
"2501",25427.300781
"2502",25650.699219
"2503",25571.150391
"2504",25300.800781
"2505",25184.349609
"2506",25291.349609
"2507",25498.949219
"2508",25358.300781
"2509",25284.599609
"2510",25218.900391
"2511",25446.599609
"2512",25728.400391
"2513",25768.599609
"2514",25757.5
"2515",25766.650391
"2516",25736.25
"2517",25779.650391
"2518",25891.949219
"2519",25846.400391
"2520",25795.699219
"2521",25332.400391
"2522",25191.949219
"2523",25075.099609
"2524",25124.849609
"2525",24851.800781
"2526",25057.25
"2527",25321.150391
"2528",25404.849609
"2529",25125.449219
"2530",25000.349609
"2531",25168.199219
"2532",25440.300781
"2533",25594.550781
"2534",25716.199219
"2535",25591.699219
"2536",25554.300781
"2537",25648.550781
"2538",25675.25
"2539",25496.050781
"2540",25490
"2541",25539.449219
"2542",NA
"2543",25338.25
"2544",25318.599609
"2545",25462.599609
"2546",25601.849609
"2547",25676.099609
"2548",25703.800781
"2549",25617.300781
"2550",25660.900391
"2551",25749.050781
"2552",26069.199219
"2553",25974.900391
"2554",26289.099609
"2555",26537.400391
"2556",26909.5
"2557",27041.199219
"2558",27390.599609
"2559",27398.550781
"2560",27445.650391
"2561",27498.449219
"2562",27269.050781
"2563",27379.449219
"2564",27220.699219
"2565",26451.150391
"2566",26098.75
"2567",25811.300781
"2568",25670
"2569",25920.650391
"2570",25463.650391
"2571",25701.599609
"2572",25341.25
"2573",25424.349609
"2574",25163.900391
"2575",25058.550781
"2576",24874.400391
"2577",24936.699219
"2578",24955.199219
"2579",25302.5
"2580",25687.900391
"2581",25383.599609
"2582",25107.400391
"2583",24902.550781
"2584",24818.699219
"2585",24448.449219
"2586",24134.099609
"2587",24477.650391
"2588",24296.449219
"2589",24664.199219
"2590",24738.650391
"2591",24851.650391
"2592",24791.849609
"2593",24489.550781
"2594",24245.099609
"2595",24168.199219
"2596",24255.599609
"2597",24141.5
"2598",23670.400391
"2599",24244.349609
"2600",24434.150391
"2601",24263.349609
"2602",24328.5
"2603",24510.599609
"2604",24129.5
"2605",24759.800781
"2606",24873.150391
"2607",25093.800781
"2608",25226.800781
"2609",25098.25
"2610",25195.099609
"2611",25200.599609
"2612",25320.849609
"2613",25334.449219
"2614",25102.300781
"2615",25126.150391
"2616",24943.849609
"2617",24960.650391
"2618",25042.099609
"2619",24814.400391
"2620",25010.900391
"2621",25394.599609
"2622",25531.599609
"2623",25568.300781
"2624",25605.25
"2625",25645.400391
"2626",25852.050781
"2627",26090.5
"2628",26154.449219
"2629",26131
"2630",26413.150391
"2631",26475.150391
"2632",26474
"2633",26182.150391
"2634",26073.800781
"2635",25875.599609
"2636",25750.800781
"2637",25777.699219
"2638",25684.949219
"2639",26016.800781
"2640",26273.550781
"2641",26614.25
"2642",26254.800781
"2643",26327.800781
"2644",26956.199219
"2645",26692.800781
"2646",26257.550781
"2647",26251
"2648",26367.599609
"2649",26517.800781
"2650",26451.349609
"2651",26453.550781
"2652",26607.099609
"2653",26642.800781
"2654",26562.25
"2655",26417.400391
"2656",26409.300781
"2657",26265.75
"2658",26557.699219
"2659",26496.949219
"2660",26766.849609
"2661",26609.699219
"2662",26601.699219
"2663",26423.400391
"2664",26324.599609
"2665",26364.199219
"2666",26230.300781
"2667",26204.099609
"2668",26433.949219
"2669",26503.300781
"2670",26493.849609
"2671",26753.300781
"2672",26894.550781
"2673",26816.199219
"2674",27026.550781
"2675",26935.949219
"2676",26679.800781
"2677",27008.099609
"2678",26880.900391
"2679",26789.650391
"2680",26873.199219
"2681",27008.150391
"2682",26974.400391
"2683",27031.300781
"2684",27406.400391
"2685",27634.400391
"2686",27842.599609
"2687",27764.150391
"2688",27596.599609
"2689",27355.949219
"2690",27695.5
"2691",27898.5
"2692",27875.900391
"2693",28062.449219
"2694",28320
"2695",28124.25
"2696",27794.400391
"2697",28021.699219
"2698",27826.550781
"2699",28128.550781
"2700",28274.25
"2701",28257.900391
"2702",28027.900391
"2703",27834.699219
"2704",28264.199219
"2705",28269.650391
"2706",28224.099609
"2707",28103.25
"2708",28061.75
"2709",27819.5
"2710",27430.75
"2711",27376.050781
"2712",27468.699219
"2713",27481.449219
"2714",27201.75
"2715",26807.5
"2716",26819.199219
"2717",27163.849609
"2718",26820.300781
"2719",26441.449219
"2720",26277.349609
"2721",25596.900391
"2722",24970.349609
"2723",25330.349609
"2724",25376.300781
"2725",25042.150391
"2726",25119.849609
"2727",25367
"2728",25069.900391
"2729",24819.300781
"2730",24443.449219
"2731",24618.349609
"2732",24527.650391
"2733",25321.699219
"2734",24783.949219
"2735",25395.849609
"2736",25388.050781
"2737",25589.650391
"2738",25188.599609
"2739",25085.800781
"2740",25078.599609
"2741",24972.449219
"2742",25064.199219
"2743",24817.449219
"2744",24421.050781
"2745",24959.699219
"2746",24807.75
"2747",25153.25
"2748",25323.650391
"2749",25701.650391
"2750",25732.199219
"2751",25598
"2752",25737.5
"2753",25771
"2754",25539.75
"2755",25768.599609
"2756",25930.150391
"2757",26154.75
"2758",26245.550781
"2759",26300.699219
"2760",26113.349609
"2761",26262.050781
"2762",25999.449219
"2763",26365.599609
"2764",26443.099609
"2765",26457.949219
"2766",26939.599609
"2767",26862.949219
"2768",26857.550781
"2769",26693.800781
"2770",26519.599609
"2771",26198.300781
"2772",26594.300781
"2773",26102.650391
"2774",26163.400391
"2775",26643.849609
"2776",26816.349609
"2777",26826
"2778",27015.800781
"2779",27174.699219
"2780",27298.400391
"2781",27275.099609
"2782",26869.650391
"2783",26714.75
"2784",26986.800781
"2785",26878.550781
"2786",27125.25
"2787",27160.199219
