"","NSEI.Adjusted"
"1",4494.649902
"2",4546.200195
"3",4732.350098
"4",4747.549805
"5",4837.549805
"6",4932.200195
"7",4938.850098
"8",4940.5
"9",5000.549805
"10",5021.350098
"11",5068.950195
"12",5210.799805
"13",5208.649902
"14",5185.850098
"15",5085.100098
"16",5327.25
"17",5441.450195
"18",5524.850098
"19",5428.25
"20",5670.399902
"21",5668.049805
"22",5559.299805
"23",5351
"24",5215.299805
"25",5184
"26",5473.700195
"27",5496.149902
"28",5568.950195
"29",5702.299805
"30",5905.899902
"31",5868.75
"32",5900.649902
"33",5866.450195
"34",5932.399902
"35",5847.299805
"36",5786.5
"37",5782.350098
"38",5698.75
"39",5617.100098
"40",5695.399902
"41",5937.899902
"42",5912.100098
"43",5906.850098
"44",5907.649902
"45",5780.899902
"46",5561.049805
"47",5519.350098
"48",5608.600098
"49",5731.700195
"50",5698.149902
"51",5617.549805
"52",5634.600098
"53",5762.75
"54",5865
"55",5858.350098
"56",5940
"57",5954.700195
"58",5974.299805
"59",5960.600098
"60",6097.25
"61",6159.299805
"62",6058.100098
"63",6047.700195
"64",5777
"65",5742.299805
"66",5751.149902
"67",5766.5
"68",5985.100098
"69",6070.75
"70",6081.5
"71",6079.700195
"72",6138.600098
"73",6144.350098
"74",6179.399902
"75",6178.549805
"76",6274.299805
"77",6279.100098
"78",6287.850098
"79",6272
"80",6156.950195
"81",6200.100098
"82",6206.799805
"83",6074.25
"84",5935.75
"85",5913.200195
"86",5705.299805
"87",5208.799805
"88",4899.299805
"89",5203.399902
"90",5033.450195
"91",5383.350098
"92",5274.100098
"93",5280.799805
"94",5167.600098
"95",5137.450195
"96",5317.25
"97",5463.5
"98",5483.899902
"99",5322.549805
"100",5133.25
"101",5120.350098
"102",4857
"103",4838.25
"104",4929.450195
"105",5202
"106",5302.899902
"107",5276.899902
"108",5280.799805
"109",5154.450195
"110",5191.799805
"111",5110.75
"112",5200.700195
"113",5270.049805
"114",5268.399902
"115",5285.100098
"116",5223.5
"117",4953
"118",4864.25
"119",4921.399902
"120",4771.600098
"121",4800.399902
"122",4865.899902
"123",4872
"124",4623.600098
"125",4745.799805
"126",4503.100098
"127",4533
"128",4573.950195
"129",4609.850098
"130",4877.5
"131",4828.850098
"132",4830.25
"133",4942
"134",4734.5
"135",4739.549805
"136",4754.200195
"137",4771.600098
"138",4647
"139",4761.200195
"140",4709.649902
"141",4747.049805
"142",4733
"143",4777.799805
"144",4879.649902
"145",4887.299805
"146",4958.399902
"147",5037
"148",5049.299805
"149",5022.799805
"150",4999.850098
"151",5111.700195
"152",5089.649902
"153",5195.5
"154",5165.899902
"155",5228.200195
"156",5192.25
"157",5144.649902
"158",5135.5
"159",5081.700195
"160",4982.600098
"161",5012.649902
"162",4957.799805
"163",5011.75
"164",5115.25
"165",5157.700195
"166",5104.950195
"167",5117.649902
"168",5025.450195
"169",4946.549805
"170",4875.049805
"171",4859.799805
"172",4918.350098
"173",4835.299805
"174",4870.100098
"175",4739.600098
"176",4715.899902
"177",4585.600098
"178",4676.950195
"179",4627.799805
"180",4500.950195
"181",4449.799805
"182",4523.600098
"183",4539.350098
"184",4517.100098
"185",4572.5
"186",4653
"187",4582.399902
"188",4504.25
"189",4347.549805
"190",4266.399902
"191",4191.100098
"192",4252.649902
"193",4315.850098
"194",4136.649902
"195",4040.550049
"196",3896.75
"197",4093.350098
"198",3925.75
"199",4016
"200",4030
"201",3988.550049
"202",4157.100098
"203",4162.200195
"204",4049
"205",4039.699951
"206",3861.100098
"207",3816.699951
"208",3947.199951
"209",4092.25
"210",4159.5
"211",4240.100098
"212",4476.799805
"213",4433.549805
"214",4311.850098
"215",4332.100098
"216",4189.850098
"217",4313.549805
"218",4332.950195
"219",4413.549805
"220",4395.350098
"221",4502.850098
"222",4517.549805
"223",4523.850098
"224",4529.5
"225",4620.399902
"226",4552.25
"227",4529.049805
"228",4430.700195
"229",4393.049805
"230",4368.25
"231",4415.75
"232",4283.850098
"233",4327.450195
"234",4335.350098
"235",4337.5
"236",4292.100098
"237",4214
"238",4360
"239",4348.649902
"240",4504
"241",4447.75
"242",4352.299805
"243",4482.299805
"244",4468.700195
"245",4400.25
"246",4290.299805
"247",4228.450195
"248",4072.899902
"249",4074.899902
"250",4008.25
"251",4038.149902
"252",4245.25
"253",4223.049805
"254",4126.899902
"255",4161.25
"256",4110.549805
"257",3985.25
"258",3850.050049
"259",3921.199951
"260",3950.75
"261",3818.300049
"262",3602.350098
"263",3606.600098
"264",3513.649902
"265",3279.949951
"266",3490.699951
"267",3518.649902
"268",3338.399902
"269",3269.300049
"270",3074.350098
"271",3122.800049
"272",3234.899902
"273",3065.149902
"274",2943.149902
"275",2584
"276",2524.199951
"277",2697.050049
"278",2885.600098
"279",3043.850098
"280",3142.100098
"281",2994.949951
"282",2892.649902
"283",2973
"284",3148.25
"285",2938.649902
"286",2848.449951
"287",2810.350098
"288",2799.550049
"289",2683.149902
"290",2635
"291",2553.149902
"292",2693.449951
"293",2708.25
"294",2654
"295",2752.25
"296",NA
"297",2755.100098
"298",2682.899902
"299",2657.800049
"300",2656.449951
"301",2788
"302",2714.399902
"303",2784
"304",2928.25
"305",2920.149902
"306",2921.350098
"307",2981.199951
"308",3041.75
"309",2954.350098
"310",3060.75
"311",3077.5
"312",3039.300049
"313",2968.649902
"314",2916.850098
"315",2857.25
"316",2922.199951
"317",2979.5
"318",2959.149902
"319",3046.75
"320",3121.449951
"321",3112.800049
"322",2920.399902
"323",2873
"324",2773.100098
"325",2744.949951
"326",2835.300049
"327",2736.699951
"328",2828.449951
"329",2846.199951
"330",2796.600098
"331",2706.149902
"332",2713.800049
"333",2678.550049
"334",2771.350098
"335",2849.5
"336",2823.949951
"337",2874.800049
"338",2766.649902
"339",2783.899902
"340",2803.050049
"341",2780.050049
"342",2843.100098
"343",2919.899902
"344",2934.5
"345",2925.699951
"346",2893.050049
"347",2948.350098
"348",2848.5
"349",2770.5
"350",2776.149902
"351",2789.350098
"352",2736.449951
"353",2733.899902
"354",2762.5
"355",2785.649902
"356",2763.649902
"357",2674.600098
"358",2622.399902
"359",2645.199951
"360",2576.699951
"361",2620.149902
"362",2573.149902
"363",2617.449951
"364",2719.25
"365",2777.25
"366",2757.449951
"367",2794.699951
"368",2807.149902
"369",2807.050049
"370",2939.899902
"371",2938.699951
"372",2984.350098
"373",3082.25
"374",3108.649902
"375",2978.149902
"376",3020.949951
"377",3060.350098
"378",3211.050049
"379",3256.600098
"380",3342.949951
"381",3342.050049
"382",3382.600098
"383",3484.149902
"384",3369.5
"385",3384.399902
"386",3377.100098
"387",3365.300049
"388",3330.300049
"389",3423.699951
"390",3480.75
"391",3470
"392",3362.350098
"393",3473.949951
"394",NA
"395",3654
"396",3661.899902
"397",3625.050049
"398",3683.899902
"399",3620.699951
"400",3554.600098
"401",3681.100098
"402",3635.25
"403",3593.449951
"404",3671.649902
"405",4323.149902
"406",4318.450195
"407",4270.299805
"408",4210.899902
"409",4238.5
"410",4237.549805
"411",4116.700195
"412",4276.049805
"413",4337.100098
"414",4448.950195
"415",4529.899902
"416",4525.25
"417",4530.700195
"418",4572.649902
"419",4586.899902
"420",4429.899902
"421",4550.950195
"422",4655.25
"423",4637.700195
"424",4583.399902
"425",4484
"426",4517.799805
"427",4356.149902
"428",4251.399902
"429",4313.600098
"430",4235.25
"431",4247
"432",4292.950195
"433",4241.850098
"434",4375.5
"435",4390.950195
"436",4291.100098
"437",4340.899902
"438",4348.850098
"439",4424.25
"440",4165.700195
"441",4202.149902
"442",4078.899902
"443",4080.949951
"444",4003.899902
"445",3974.050049
"446",4111.399902
"447",4233.5
"448",4231.399902
"449",4374.950195
"450",4502.25
"451",4469.100098
"452",4398.899902
"453",4523.75
"454",4568.549805
"455",4572.299805
"456",4564.100098
"457",4513.5
"458",4571.450195
"459",4636.450195
"460",4711.399902
"461",4680.5
"462",4694.149902
"463",4585.5
"464",4481.399902
"465",4437.649902
"466",4471.350098
"467",4457.5
"468",4605
"469",4580.049805
"470",4387.899902
"471",4458.899902
"472",4394.100098
"473",4453.450195
"474",4528.799805
"475",4642.799805
"476",4659.350098
"477",4680.850098
"478",4688.200195
"479",4732.350098
"480",4662.100098
"481",4625.350098
"482",4608.350098
"483",4593.549805
"484",4680.399902
"485",4782.899902
"486",4805.25
"487",4814.25
"488",4819.399902
"489",4829.549805
"490",4808.600098
"491",4892.100098
"492",4958.399902
"493",4965.549805
"494",4976.049805
"495",5020.200195
"496",4969.950195
"497",4986.549805
"498",4958.950195
"499",5006.850098
"500",5083.950195
"501",5083.399902
"502",5003.200195
"503",5027.399902
"504",4985.75
"505",5002.25
"506",4945.200195
"507",5054.25
"508",NA
"509",5118.200195
"510",5108.850098
"511",5142.149902
"512",5114.450195
"513",5063.600098
"514",4988.600098
"515",4997.049805
"516",4970.899902
"517",4846.700195
"518",4826.149902
"519",4750.549805
"520",4711.700195
"521",4563.899902
"522",4710.799805
"523",4765.549805
"524",4796.149902
"525",4898.399902
"526",4881.700195
"527",5003.950195
"528",4952.649902
"529",4998.950195
"530",5058.049805
"531",5062.25
"532",5054.700195
"533",4989
"534",5052.450195
"535",5103.549805
"536",5090.549805
"537",5108.149902
"538",5005.549805
"539",4941.75
"540",5032.700195
"541",5122
"542",5123.25
"543",5131.700195
"544",5108.899902
"545",5066.700195
"546",5147.950195
"547",5112
"548",5134.649902
"549",5117.299805
"550",5105.700195
"551",5033.049805
"552",5042.049805
"553",5041.75
"554",4987.700195
"555",4952.600098
"556",4985.850098
"557",5144.600098
"558",5178.399902
"559",5187.950195
"560",5169.450195
"561",5201.049805
"562",5232.200195
"563",5277.899902
"564",5281.799805
"565",5263.100098
"566",5244.75
"567",5249.399902
"568",5210.399902
"569",5233.950195
"570",5259.899902
"571",5252.200195
"572",5274.850098
"573",5225.649902
"574",5221.700195
"575",5094.149902
"576",5036
"577",5007.899902
"578",4853.100098
"579",4867.25
"580",4882.049805
"581",4899.700195
"582",4830.100098
"583",4931.850098
"584",4845.350098
"585",4718.649902
"586",NA
"587",4760.399902
"588",4792.649902
"589",4757.200195
"590",4826.850098
"591",4801.950195
"592",4855.75
"593",4914
"594",4887.75
"595",4844.899902
"596",4856.399902
"597",4870.049805
"598",4858.600098
"599",4859.75
"600",4922.299805
"601",5017
"602",5088.100098
"603",5080.25
"604",5088.700195
"605",5124
"606",5101.5
"607",5116.25
"608",5133.399902
"609",5137
"610",5128.899902
"611",5198.100098
"612",5231.899902
"613",5245.899902
"614",5262.799805
"615",5205.200195
"616",5225.299805
"617",5260.399902
"618",5282
"619",5302.850098
"620",5262.450195
"621",5249.100098
"622",5290.5
"623",5368.399902
"624",5366
"625",5374.649902
"626",5304.450195
"627",5361.75
"628",5339.700195
"629",5322.950195
"630",5273.600098
"631",5262.600098
"632",5203.649902
"633",5230.100098
"634",5244.899902
"635",5269.350098
"636",5304.100098
"637",5322.450195
"638",5308.350098
"639",5215.450195
"640",5254.149902
"641",5278
"642",5222.75
"643",5148.5
"644",5124.899902
"645",5090.850098
"646",5018.049805
"647",5193.600098
"648",5136.149902
"649",5156.649902
"650",5178.899902
"651",5093.5
"652",5059.899902
"653",5066.200195
"654",4919.649902
"655",4947.600098
"656",4931.149902
"657",4943.950195
"658",4806.75
"659",4917.399902
"660",5003.100098
"661",5066.549805
"662",5086.299805
"663",4970.200195
"664",5019.850098
"665",5110.5
"666",5135.5
"667",5034
"668",4987.100098
"669",5000.299805
"670",5078.600098
"671",5119.350098
"672",5197.700195
"673",5222.350098
"674",5233.350098
"675",5274.850098
"676",5262.600098
"677",5353.299805
"678",5316.549805
"679",5323.149902
"680",5320.600098
"681",5269.049805
"682",5333.5
"683",5256.149902
"684",5312.5
"685",5251.399902
"686",5237.100098
"687",5235.899902
"688",5289.049805
"689",5241.100098
"690",5296.850098
"691",5352.450195
"692",5383
"693",5400.649902
"694",5386.149902
"695",5378.75
"696",5393.899902
"697",5386.450195
"698",5368
"699",5399.350098
"700",5441.950195
"701",5449.100098
"702",5418.600098
"703",5430.600098
"704",5397.549805
"705",5408.899902
"706",5367.600098
"707",5431.649902
"708",5439.549805
"709",5467.850098
"710",5447.100098
"711",5439.25
"712",5486.149902
"713",5460.700195
"714",5420.600098
"715",5416.450195
"716",5452.100098
"717",5418.299805
"718",5414.149902
"719",5479.149902
"720",5540.200195
"721",5530.649902
"722",5543.5
"723",5505.100098
"724",5462.350098
"725",5477.899902
"726",5408.700195
"727",5415.450195
"728",5402.399902
"729",5471.850098
"730",5486.149902
"731",5479.399902
"732",5576.950195
"733",5604
"734",5607.850098
"735",5640.049805
"736",5760
"737",5795.549805
"738",5860.950195
"739",5828.700195
"740",5884.950195
"741",5980.450195
"742",6009.049805
"743",5991
"744",5959.549805
"745",6018.299805
"746",6035.649902
"747",6029.5
"748",5991.299805
"749",6029.950195
"750",6143.399902
"751",6159.450195
"752",6145.799805
"753",6186.450195
"754",6120.299805
"755",6103.450195
"756",6135.850098
"757",6090.899902
"758",6233.899902
"759",6177.350098
"760",6062.649902
"761",6075.950195
"762",6027.299805
"763",5982.100098
"764",6101.5
"765",6066.049805
"766",6105.799805
"767",6082
"768",6012.649902
"769",5987.700195
"770",6017.700195
"771",6117.549805
"772",6119
"773",6160.5
"774",6281.799805
"775",6273.200195
"776",6301.549805
"777",6275.700195
"778",6194.25
"779",6071.649902
"780",6121.600098
"781",5988.700195
"782",5998.799805
"783",5890.299805
"784",6010
"785",5934.75
"786",5865.75
"787",5799.75
"788",5751.950195
"789",5830
"790",5862.700195
"791",5960.899902
"792",6011.700195
"793",5992.799805
"794",5992.25
"795",5976.549805
"796",5903.700195
"797",5766.5
"798",5857.350098
"799",5907.649902
"800",5944.100098
"801",5892.299805
"802",5948.75
"803",5947.049805
"804",6000.649902
"805",5984.399902
"806",5980
"807",6011.600098
"808",5998.100098
"809",5996
"810",6060.350098
"811",6101.850098
"812",6134.5
"813",6157.600098
"814",6146.350098
"815",6079.799805
"816",6048.25
"817",5904.600098
"818",5762.850098
"819",5754.100098
"820",5863.25
"821",5751.899902
"822",5654.549805
"823",5654.75
"824",5724.049805
"825",5691.049805
"826",5711.600098
"827",5696.5
"828",5743.25
"829",5687.399902
"830",5604.299805
"831",5512.149902
"832",5505.899902
"833",5417.200195
"834",5432
"835",5526.75
"836",5395.75
"837",5396
"838",5312.549805
"839",5253.549805
"840",5225.799805
"841",5310
"842",5456
"843",5481
"844",5481.700195
"845",5546.450195
"846",5458.950195
"847",5518.600098
"848",5469.200195
"849",5437.350098
"850",5262.700195
"851",5303.549805
"852",5333.25
"853",5522.299805
"854",5536.200195
"855",5538.75
"856",5463.149902
"857",5520.799805
"858",5531
"859",5494.399902
"860",5445.450195
"861",5531.5
"862",5449.649902
"863",5511.149902
"864",5446.649902
"865",5373.700195
"866",5364.75
"867",5413.850098
"868",5480.25
"869",5522.399902
"870",5654.25
"871",5687.25
"872",5736.350098
"873",5787.649902
"874",5833.75
"875",5826.049805
"876",5908.450195
"877",5910.049805
"878",5891.75
"879",5885.700195
"880",5842
"881",5785.700195
"882",5911.5
"883",5824.549805
"884",5729.100098
"885",5740.75
"886",5851.649902
"887",5884.700195
"888",5874.5
"889",5868.399902
"890",5833.899902
"891",5785.450195
"892",5749.5
"893",5701.299805
"894",5565.25
"895",5537.149902
"896",5459.850098
"897",5551.450195
"898",5551.100098
"899",5541.25
"900",5565.049805
"901",5486.149902
"902",5544.75
"903",5499
"904",5438.950195
"905",5420.600098
"906",5428.100098
"907",5486.350098
"908",5386.549805
"909",5394.850098
"910",5348.950195
"911",5412.350098
"912",5476.100098
"913",5473.100098
"914",NA
"915",5592
"916",5550.350098
"917",5516.75
"918",5532.049805
"919",5556.149902
"920",5526.850098
"921",5521.049805
"922",5485.799805
"923",5482.799805
"924",5500.5
"925",5447.5
"926",5396.75
"927",5366.399902
"928",5257.899902
"929",5275.850098
"930",5278.299805
"931",5320
"932",5471.25
"933",5526.600098
"934",5545.299805
"935",5600.450195
"936",5647.399902
"937",5627.200195
"938",5650.5
"939",5632.100098
"940",5625.450195
"941",5728.950195
"942",5660.649902
"943",5616.100098
"944",5526.149902
"945",5585.450195
"946",5512.299805
"947",5581.100098
"948",5567.049805
"949",5613.549805
"950",5567.049805
"951",5541.600098
"952",5633.950195
"953",5680.299805
"954",5574.850098
"955",5546.799805
"956",5487.75
"957",5482
"958",5516.799805
"959",5456.549805
"960",5404.799805
"961",5331.799805
"962",5211.25
"963",5118.5
"964",5072.850098
"965",5161
"966",5138.299805
"967",5072.950195
"968",5035.799805
"969",5056.600098
"970",4944.149902
"971",4845.649902
"972",4898.799805
"973",4948.899902
"974",4888.899902
"975",4839.600098
"976",4747.799805
"977",4919.600098
"978",5001
"979",5040
"980",5017.200195
"981",5064.299805
"982",5124.649902
"983",5153.25
"984",5059.450195
"985",4946.799805
"986",4940.950195
"987",5012.549805
"988",5075.700195
"989",5084.25
"990",5031.950195
"991",5140.200195
"992",5133.25
"993",4923.649902
"994",4867.75
"995",4835.399902
"996",4971.25
"997",4945.899902
"998",5015.450195
"999",4943.25
"1000",4849.5
"1001",4772.149902
"1002",4751.299805
"1003",4888.049805
"1004",4979.600098
"1005",4974.350098
"1006",5099.399902
"1007",5077.850098
"1008",5132.299805
"1009",5118.25
"1010",5037.5
"1011",5139.149902
"1012",5091.899902
"1013",5049.950195
"1014",5098.350098
"1015",5191.600098
"1016",5360.700195
"1017",5326.600098
"1018",5257.950195
"1019",5258.450195
"1020",5265.75
"1021",5284.200195
"1022",5289.350098
"1023",5221.049805
"1024",5168.850098
"1025",5148.350098
"1026",5068.5
"1027",5030.450195
"1028",4934.75
"1029",4905.799805
"1030",4778.350098
"1031",4812.350098
"1032",4706.450195
"1033",NA
"1034",4710.049805
"1035",4851.299805
"1036",4805.100098
"1037",4832.049805
"1038",4936.850098
"1039",5050.149902
"1040",5039.149902
"1041",5062.600098
"1042",4943.649902
"1043",4866.700195
"1044",4764.600098
"1045",4800.600098
"1046",4763.25
"1047",4746.350098
"1048",4651.600098
"1049",4613.100098
"1050",4544.200195
"1051",4693.149902
"1052",4733.850098
"1053",4714
"1054",NA
"1055",4750.5
"1056",4705.799805
"1057",4646.25
"1058",4624.299805
"1059",NA
"1060",4765.299805
"1061",4749.649902
"1062",4749.950195
"1063",4754.100098
"1064",NA
"1065",4742.799805
"1066",4849.549805
"1067",4860.950195
"1068",4831.25
"1069",4866
"1070",4873.899902
"1071",4967.299805
"1072",4955.799805
"1073",5018.399902
"1074",5048.600098
"1075",5046.25
"1076",5127.350098
"1077",5158.299805
"1078",5204.700195
"1079",5087.299805
"1080",5199.25
"1081",5235.700195
"1082",5269.899902
"1083",5325.850098
"1084",5361.649902
"1085",5335.149902
"1086",5368.149902
"1087",5412.350098
"1088",5381.600098
"1089",5390.200195
"1090",5416.049805
"1091",5531.950195
"1092",5521.950195
"1093",5564.299805
"1094",5607.149902
"1095",5505.350098
"1096",5483.299805
"1097",5429.299805
"1098",5281.200195
"1099",5375.5
"1100",5385.200195
"1101",5339.75
"1102",5359.350098
"1103",NA
"1104",5280.350098
"1105",5222.399902
"1106",5220.450195
"1107",5333.549805
"1108",5359.549805
"1109",5429.5
"1110",5463.899902
"1111",5380.5
"1112",5317.899902
"1113",5257.049805
"1114",5274.850098
"1115",5364.950195
"1116",5228.450195
"1117",5278.200195
"1118",5184.25
"1119",5243.149902
"1120",5194.75
"1121",5178.850098
"1122",5295.549805
"1123",5317.899902
"1124",5358.5
"1125",5322.899902
"1126",5234.399902
"1127",5243.600098
"1128",5226.850098
"1129",5276.850098
"1130",5207.450195
"1131",5226.200195
"1132",5289.700195
"1133",5300
"1134",5332.399902
"1135",5290.850098
"1136",5200.600098
"1137",5222.649902
"1138",5202
"1139",5189
"1140",5190.600098
"1141",5248.149902
"1142",5239.149902
"1143",5188.399902
"1144",5086.850098
"1145",5114.149902
"1146",4999.950195
"1147",4974.799805
"1148",4965.700195
"1149",4928.899902
"1150",4907.799805
"1151",4942.799805
"1152",4858.25
"1153",4870.200195
"1154",4891.450195
"1155",NA
"1156",4860.5
"1157",4835.649902
"1158",4921.399902
"1159",4920.399902
"1160",4985.649902
"1161",4990.100098
"1162",4950.75
"1163",4924.25
"1164",4841.600098
"1165",4848.149902
"1166",4863.299805
"1167",4997.100098
"1168",5049.649902
"1169",5068.350098
"1170",5054.100098
"1171",5115.899902
"1172",5121.450195
"1173",5054.75
"1174",5139.049805
"1175",5064.25
"1176",5103.850098
"1177",5120.549805
"1178",5165
"1179",5146.049805
"1180",5114.649902
"1181",5120.799805
"1182",5141.899902
"1183",5149.149902
"1184",5278.899902
"1185",5278.600098
"1186",5287.950195
"1187",5302.549805
"1188",5327.299805
"1189",5316.950195
"1190",5275.149902
"1191",5345.350098
"1192",5306.299805
"1193",5235.25
"1194",5227.25
"1195",5197.25
"1196",5192.850098
"1197",5216.299805
"1198",5242.700195
"1199",5205.100098
"1200",5117.950195
"1201",5128.200195
"1202",5109.600098
"1203",5043
"1204",5099.850098
"1205",5199.799805
"1206",5229
"1207",5240.5
"1208",5227.75
"1209",5215.700195
"1210",5282.549805
"1211",5336.700195
"1212",5338
"1213",5322.950195
"1214",5320.399902
"1215",5347.899902
"1216",5380.350098
"1217",5362.950195
"1218",5366.299805
"1219",5421
"1220",5412.850098
"1221",5415.350098
"1222",5386.700195
"1223",5350.25
"1224",NA
"1225",5287.799805
"1226",5315.049805
"1227",5258.5
"1228",5253.75
"1229",5274
"1230",5225.700195
"1231",5238.399902
"1232",5342.100098
"1233",NA
"1234",5363.450195
"1235",5390
"1236",5431
"1237",5435.350098
"1238",5577.649902
"1239",5610
"1240",5600.049805
"1241",5554.25
"1242",5691.149902
"1243",5669.600098
"1244",5673.899902
"1245",5663.450195
"1246",5649.5
"1247",5703.299805
"1248",5718.799805
"1249",5731.25
"1250",5787.600098
"1251",5746.950195
"1252",5676
"1253",5704.600098
"1254",5652.149902
"1255",5708.049805
"1256",5676.049805
"1257",5687.25
"1258",5648
"1259",5660.25
"1260",5718.700195
"1261",5684.25
"1262",5717.149902
"1263",5691.399902
"1264",5705.299805
"1265",5665.600098
"1266",5597.899902
"1267",5619.700195
"1268",5645.049805
"1269",5697.700195
"1270",5704.200195
"1271",5724.399902
"1272",5760.100098
"1273",5738.75
"1274",5686.25
"1275",NA
"1276",5683.700195
"1277",5631
"1278",5574.049805
"1279",5571.399902
"1280",5571.549805
"1281",5614.799805
"1282",5627.75
"1283",5626.600098
"1284",5635.899902
"1285",5727.450195
"1286",5825
"1287",5879.850098
"1288",5870.950195
"1289",5889.25
"1290",5900.5
"1291",5930.899902
"1292",5907.399902
"1293",5908.899902
"1294",5898.799805
"1295",5888
"1296",5851.5
"1297",5879.600098
"1298",5857.899902
"1299",5896.799805
"1300",5929.600098
"1301",5916.399902
"1302",5847.700195
"1303",5855.75
"1304",5905.600098
"1305",5870.100098
"1306",5908.350098
"1307",5905.100098
"1308",NA
"1309",5993.25
"1310",6009.5
"1311",6016.149902
"1312",5988.399902
"1313",6001.700195
"1314",5971.5
"1315",5968.649902
"1316",5951.299805
"1317",6024.049805
"1318",6056.600098
"1319",6001.850098
"1320",6039.200195
"1321",6064.399902
"1322",6082.299805
"1323",6048.5
"1324",6054.299805
"1325",6019.350098
"1326",6074.649902
"1327",6074.799805
"1328",6049.899902
"1329",6055.75
"1330",6034.75
"1331",5998.899902
"1332",5987.25
"1333",5956.899902
"1334",5959.200195
"1335",5938.799805
"1336",5903.5
"1337",5897.850098
"1338",5922.5
"1339",5932.950195
"1340",5896.950195
"1341",5887.399902
"1342",5898.200195
"1343",5939.700195
"1344",5943.049805
"1345",5852.25
"1346",5850.299805
"1347",5854.75
"1348",5761.350098
"1349",5796.899902
"1350",5693.049805
"1351",5719.700195
"1352",5698.5
"1353",5784.25
"1354",5818.600098
"1355",5863.299805
"1356",5945.700195
"1357",5942.350098
"1358",5914.100098
"1359",5851.200195
"1360",5908.950195
"1361",5872.600098
"1362",5835.25
"1363",5745.950195
"1364",5694.399902
"1365",5658.75
"1366",5651.350098
"1367",5633.850098
"1368",5641.600098
"1369",5682.549805
"1370",5704.399902
"1371",5748.100098
"1372",5672.899902
"1373",5574.75
"1374",5553.25
"1375",5542.950195
"1376",5495.100098
"1377",5558.700195
"1378",5594
"1379",5528.549805
"1380",5568.399902
"1381",5688.950195
"1382",5688.700195
"1383",5783.100098
"1384",5834.399902
"1385",5836.899902
"1386",5916.299805
"1387",5871.450195
"1388",5904.100098
"1389",5930.200195
"1390",5999.350098
"1391",5944
"1392",5971.049805
"1393",6043.549805
"1394",6069.299805
"1395",6050.149902
"1396",6094.75
"1397",5980.450195
"1398",5995.399902
"1399",6146.75
"1400",6169.899902
"1401",6187.299805
"1402",6156.899902
"1403",6114.100098
"1404",6094.5
"1405",5967.049805
"1406",5983.549805
"1407",6083.149902
"1408",6111.25
"1409",6104.299805
"1410",6124.049805
"1411",5985.950195
"1412",5939.299805
"1413",5919.450195
"1414",5923.850098
"1415",5921.399902
"1416",5881
"1417",5878
"1418",5788.799805
"1419",5760.200195
"1420",5699.100098
"1421",5808.399902
"1422",5850.049805
"1423",5813.600098
"1424",5822.25
"1425",5655.899902
"1426",5667.649902
"1427",5590.25
"1428",5609.100098
"1429",5588.700195
"1430",5682.350098
"1431",5842.200195
"1432",5898.850098
"1433",5857.549805
"1434",5770.899902
"1435",5836.950195
"1436",5867.899902
"1437",5811.549805
"1438",5859
"1439",5816.700195
"1440",5935.100098
"1441",6009
"1442",6030.799805
"1443",5955.25
"1444",5973.299805
"1445",6038.049805
"1446",6029.200195
"1447",6031.799805
"1448",6077.799805
"1449",5990.5
"1450",5907.5
"1451",5886.200195
"1452",5831.649902
"1453",5755.049805
"1454",5742
"1455",5727.850098
"1456",5677.899902
"1457",5685.399902
"1458",5542.25
"1459",5519.100098
"1460",5565.649902
"1461",5612.399902
"1462",5699.299805
"1463",5742.299805
"1464",5507.850098
"1465",5414.75
"1466",5401.450195
"1467",5302.549805
"1468",5408.450195
"1469",5471.75
"1470",5476.5
"1471",5287.450195
"1472",5285
"1473",5409.049805
"1474",5471.799805
"1475",5550.75
"1476",5341.450195
"1477",5448.100098
"1478",5592.950195
"1479",5680.399902
"1480",5896.75
"1481",5913.149902
"1482",5850.700195
"1483",5850.600098
"1484",5840.549805
"1485",5850.200195
"1486",5899.450195
"1487",6115.549805
"1488",6012.100098
"1489",5889.75
"1490",5892.450195
"1491",5873.850098
"1492",5882.25
"1493",5833.200195
"1494",5735.299805
"1495",5780.049805
"1496",5909.700195
"1497",5907.299805
"1498",5906.149902
"1499",5928.399902
"1500",6007.450195
"1501",6020.950195
"1502",6096.200195
"1503",6112.700195
"1504",6089.049805
"1505",6045.850098
"1506",6189.350098
"1507",6204.950195
"1508",6202.799805
"1509",6178.350098
"1510",6164.350098
"1511",6144.899902
"1512",6101.100098
"1513",6220.899902
"1514",6251.700195
"1515",6299.149902
"1516",6307.200195
"1517",6253.149902
"1518",6215.149902
"1519",6187.25
"1520",6140.75
"1521",6078.799805
"1522",6018.049805
"1523",5989.600098
"1524",6056.149902
"1525",6189
"1526",6203.350098
"1527",6122.899902
"1528",5999.049805
"1529",5995.450195
"1530",6115.350098
"1531",6059.100098
"1532",6057.100098
"1533",6091.850098
"1534",6176.100098
"1535",6217.850098
"1536",6201.850098
"1537",6160.950195
"1538",6241.100098
"1539",6259.899902
"1540",6363.899902
"1541",6332.850098
"1542",6307.899902
"1543",6237.049805
"1544",6168.399902
"1545",6154.700195
"1546",6139.049805
"1547",6217.149902
"1548",6166.649902
"1549",6274.25
"1550",6284.5
"1551",6268.399902
"1552",6278.899902
"1553",6313.799805
"1554",6291.100098
"1555",6304
"1556",NA
"1557",6221.149902
"1558",6211.149902
"1559",6191.450195
"1560",6162.25
"1561",6174.600098
"1562",6168.350098
"1563",6171.450195
"1564",6272.75
"1565",6241.850098
"1566",6320.899902
"1567",6318.899902
"1568",6261.649902
"1569",6303.950195
"1570",6313.799805
"1571",6338.950195
"1572",6345.649902
"1573",6266.75
"1574",6135.850098
"1575",6126.25
"1576",6120.25
"1577",6073.700195
"1578",6089.5
"1579",6001.799805
"1580",6000.899902
"1581",6022.399902
"1582",6036.299805
"1583",6063.200195
"1584",6053.450195
"1585",6062.700195
"1586",6084
"1587",6001.100098
"1588",6048.350098
"1589",6073.299805
"1590",6127.100098
"1591",6152.75
"1592",6091.450195
"1593",6155.450195
"1594",6186.100098
"1595",6200.049805
"1596",6238.799805
"1597",6276.950195
"1598",6221.450195
"1599",6297.950195
"1600",6328.649902
"1601",6401.149902
"1602",6526.649902
"1603",6537.25
"1604",6511.899902
"1605",6516.899902
"1606",6493.100098
"1607",6504.200195
"1608",6516.649902
"1609",6524.049805
"1610",6483.100098
"1611",6493.200195
"1612",NA
"1613",6583.5
"1614",6589.75
"1615",6601.399902
"1616",6641.75
"1617",6695.899902
"1618",6704.200195
"1619",6721.049805
"1620",6752.549805
"1621",6736.100098
"1622",6694.350098
"1623",6695.049805
"1624",6796.200195
"1625",6796.399902
"1626",6776.299805
"1627",6733.100098
"1628",6675.299805
"1629",6779.399902
"1630",6817.649902
"1631",6815.350098
"1632",6840.799805
"1633",NA
"1634",6782.75
"1635",6761.25
"1636",6715.25
"1637",6696.399902
"1638",6694.799805
"1639",6699.350098
"1640",6715.299805
"1641",6652.549805
"1642",6659.850098
"1643",6858.799805
"1644",7014.25
"1645",7108.75
"1646",7108.75
"1647",7123.149902
"1648",7203
"1649",7263.549805
"1650",7275.5
"1651",7252.899902
"1652",7276.399902
"1653",7367.100098
"1654",7359.049805
"1655",7318
"1656",7329.649902
"1657",7235.649902
"1658",7229.950195
"1659",7362.5
"1660",7415.850098
"1661",7402.25
"1662",7474.100098
"1663",7583.399902
"1664",7654.600098
"1665",7656.399902
"1666",7626.850098
"1667",7649.899902
"1668",7542.100098
"1669",7533.549805
"1670",7631.700195
"1671",7558.200195
"1672",7540.700195
"1673",7511.450195
"1674",7493.350098
"1675",7580.200195
"1676",7569.25
"1677",7493.200195
"1678",7508.799805
"1679",7611.350098
"1680",7634.700195
"1681",7725.149902
"1682",7714.799805
"1683",7751.600098
"1684",7787.149902
"1685",7623.200195
"1686",7585
"1687",7567.75
"1688",7459.600098
"1689",7454.149902
"1690",7526.649902
"1691",7624.399902
"1692",7640.450195
"1693",7663.899902
"1694",7684.200195
"1695",7767.850098
"1696",7795.75
"1697",7830.600098
"1698",7790.450195
"1699",7748.700195
"1700",7791.399902
"1701",7721.299805
"1702",7602.600098
"1703",7683.649902
"1704",7746.549805
"1705",7672.049805
"1706",7649.25
"1707",7568.549805
"1708",7625.950195
"1709",7727.049805
"1710",7739.549805
"1711",7791.700195
"1712",7874.25
"1713",7897.5
"1714",7875.299805
"1715",7891.100098
"1716",7913.200195
"1717",7906.299805
"1718",7904.75
"1719",7936.049805
"1720",7954.350098
"1721",8027.700195
"1722",8083.049805
"1723",8114.600098
"1724",8095.950195
"1725",8086.850098
"1726",8173.899902
"1727",8152.950195
"1728",8094.100098
"1729",8085.700195
"1730",8105.5
"1731",8042
"1732",7932.899902
"1733",7975.5
"1734",8114.75
"1735",8121.450195
"1736",8146.299805
"1737",8017.549805
"1738",8002.399902
"1739",7911.850098
"1740",7968.850098
"1741",7958.899902
"1742",7964.799805
"1743",7945.549805
"1744",7852.399902
"1745",7842.700195
"1746",7960.549805
"1747",7859.950195
"1748",7884.25
"1749",7864
"1750",NA
"1751",7748.200195
"1752",7779.700195
"1753",7879.399902
"1754",7927.75
"1755",7995.899902
"1756",7991.700195
"1757",8027.600098
"1758",8090.450195
"1759",8169.200195
"1760",8322.200195
"1761",8324.150391
"1762",8338.299805
"1763",8337
"1764",8344.25
"1765",8362.650391
"1766",8383.299805
"1767",8357.849609
"1768",8389.900391
"1769",8430.75
"1770",8425.900391
"1771",8382.299805
"1772",8401.900391
"1773",8477.349609
"1774",8530.150391
"1775",8463.099609
"1776",8475.75
"1777",8494.200195
"1778",8588.25
"1779",8555.900391
"1780",8524.700195
"1781",8537.650391
"1782",8564.400391
"1783",8538.299805
"1784",8438.25
"1785",8340.700195
"1786",8355.650391
"1787",8292.900391
"1788",8224.099609
"1789",8219.599609
"1790",8067.600098
"1791",8029.799805
"1792",8159.299805
"1793",8225.200195
"1794",8324
"1795",8267
"1796",8174.100098
"1797",8200.700195
"1798",8246.299805
"1799",8248.25
"1800",8282.700195
"1801",NA
"1802",8395.450195
"1803",8378.400391
"1804",8127.350098
"1805",8102.100098
"1806",8234.599609
"1807",8284.5
"1808",8323
"1809",8299.400391
"1810",8277.549805
"1811",8494.150391
"1812",8513.799805
"1813",8550.700195
"1814",8695.599609
"1815",8729.5
"1816",8761.400391
"1817",8835.599609
"1818",8910.5
"1819",8914.299805
"1820",8952.349609
"1821",8808.900391
"1822",8797.400391
"1823",8756.549805
"1824",8723.700195
"1825",8711.700195
"1826",8661.049805
"1827",8526.349609
"1828",8565.549805
"1829",8627.400391
"1830",8711.549805
"1831",8805.5
"1832",8809.349609
"1833",8869.099609
"1834",8895.299805
"1835",8833.599609
"1836",8754.950195
"1837",8762.099609
"1838",8767.25
"1839",8683.849609
"1840",8844.599609
"1841",NA
"1842",8956.75
"1843",8996.25
"1844",8922.650391
"1845",8937.75
"1846",8756.75
"1847",8712.049805
"1848",8699.950195
"1849",8776
"1850",8647.75
"1851",8633.150391
"1852",8723.299805
"1853",8685.900391
"1854",8634.650391
"1855",8570.900391
"1856",8550.900391
"1857",8542.950195
"1858",8530.799805
"1859",8342.150391
"1860",8341.400391
"1861",8492.299805
"1862",8491
"1863",8586.25
"1864",8659.900391
"1865",8660.299805
"1866",8714.400391
"1867",8778.299805
"1868",8780.349609
"1869",8834
"1870",NA
"1871",8706.700195
"1872",8606
"1873",8448.099609
"1874",8377.75
"1875",8429.700195
"1876",8398.299805
"1877",8305.25
"1878",8213.799805
"1879",8285.599609
"1880",8239.75
"1881",8181.5
"1882",8331.950195
"1883",8324.799805
"1884",8097
"1885",8057.299805
"1886",8191.5
"1887",8325.25
"1888",8126.950195
"1889",8235.450195
"1890",8224.200195
"1891",8262.349609
"1892",8373.650391
"1893",8365.650391
"1894",8423.25
"1895",8421
"1896",8458.950195
"1897",8370.25
"1898",8339.349609
"1899",8334.599609
"1900",8319
"1901",8433.650391
"1902",8433.400391
"1903",8236.450195
"1904",8135.100098
"1905",8130.649902
"1906",8114.700195
"1907",8044.149902
"1908",8022.399902
"1909",8124.450195
"1910",7965.350098
"1911",7982.899902
"1912",8013.899902
"1913",8047.299805
"1914",8091.549805
"1915",8174.600098
"1916",8224.950195
"1917",8353.099609
"1918",8381.549805
"1919",8360.849609
"1920",8398
"1921",8381.099609
"1922",8318.400391
"1923",8368.5
"1924",8453.049805
"1925",8444.900391
"1926",8484.900391
"1927",8522.150391
"1928",8510.799805
"1929",8363.049805
"1930",8328.549805
"1931",8360.549805
"1932",8459.650391
"1933",8454.099609
"1934",8523.799805
"1935",8608.049805
"1936",8609.849609
"1937",8603.450195
"1938",8529.450195
"1939",8633.5
"1940",8589.799805
"1941",8521.549805
"1942",8361
"1943",8337
"1944",8375.049805
"1945",8421.799805
"1946",8532.849609
"1947",8543.049805
"1948",8516.900391
"1949",8567.950195
"1950",8588.650391
"1951",8564.599609
"1952",8525.599609
"1953",8462.349609
"1954",8349.450195
"1955",8355.849609
"1956",8518.549805
"1957",8477.299805
"1958",8466.549805
"1959",8495.150391
"1960",8372.75
"1961",8299.950195
"1962",7809
"1963",7880.700195
"1964",7791.850098
"1965",7948.950195
"1966",8001.950195
"1967",7971.299805
"1968",7785.850098
"1969",7717
"1970",7823
"1971",7655.049805
"1972",7558.799805
"1973",7688.25
"1974",7818.600098
"1975",7788.100098
"1976",7789.299805
"1977",7872.25
"1978",7829.100098
"1979",7899.149902
"1980",7981.899902
"1981",7977.100098
"1982",7812
"1983",7845.950195
"1984",7868.5
"1985",7795.700195
"1986",7843.299805
"1987",7948.899902
"1988",7950.899902
"1989",8119.299805
"1990",8152.899902
"1991",8177.399902
"1992",8129.350098
"1993",8189.700195
"1994",8143.600098
"1995",8131.700195
"1996",8107.899902
"1997",8179.5
"1998",8238.150391
"1999",8275.049805
"2000",8261.650391
"2001",8251.700195
"2002",8295.450195
"2003",8260.549805
"2004",8232.900391
"2005",8171.200195
"2006",8111.75
"2007",8065.799805
"2008",8050.799805
"2009",8060.700195
"2010",8040.200195
"2011",7955.450195
"2012",7954.299805
"2013",7915.200195
"2014",7783.350098
"2015",7762.25
"2016",7806.600098
"2017",7837.549805
"2018",7731.799805
"2019",7842.75
"2020",7856.549805
"2021",7849.25
"2022",7831.600098
"2023",7883.799805
"2024",7942.700195
"2025",7935.25
"2026",7954.899902
"2027",7931.350098
"2028",7864.149902
"2029",7781.899902
"2030",7765.399902
"2031",7701.700195
"2032",7612.5
"2033",7683.299805
"2034",7610.450195
"2035",7650.049805
"2036",7700.899902
"2037",7750.899902
"2038",7844.350098
"2039",7761.950195
"2040",7834.450195
"2041",7786.100098
"2042",7865.950195
"2043",7861.049805
"2044",7925.149902
"2045",7928.950195
"2046",7896.25
"2047",7946.350098
"2048",NA
"2049",7791.299805
"2050",7784.649902
"2051",7741
"2052",7568.299805
"2053",7601.350098
"2054",7563.850098
"2055",7510.299805
"2056",7562.399902
"2057",7536.799805
"2058",7437.799805
"2059",7351
"2060",7435.100098
"2061",7309.299805
"2062",7276.799805
"2063",7422.450195
"2064",7436.149902
"2065",7437.75
"2066",7424.649902
"2067",7563.549805
"2068",7555.950195
"2069",7455.549805
"2070",7361.799805
"2071",7404
"2072",7489.100098
"2073",7387.25
"2074",7298.200195
"2075",7215.700195
"2076",6976.350098
"2077",6980.950195
"2078",7162.950195
"2079",7048.25
"2080",7108.450195
"2081",7191.75
"2082",7210.75
"2083",7234.549805
"2084",7109.549805
"2085",7018.700195
"2086",6970.600098
"2087",7029.75
"2088",6987.049805
"2089",7222.299805
"2090",7368.850098
"2091",7475.600098
"2092",7485.350098
"2093",7485.299805
"2094",7531.799805
"2095",7486.149902
"2096",7510.200195
"2097",7538.75
"2098",7460.600098
"2099",7498.75
"2100",7512.549805
"2101",7604.350098
"2102",7704.25
"2103",7714.899902
"2104",7716.5
"2105",7615.100098
"2106",7597
"2107",7735.200195
"2108",7738.399902
"2109",7713.049805
"2110",7758.799805
"2111",7603.200195
"2112",7614.350098
"2113",7546.450195
"2114",7555.200195
"2115",7671.399902
"2116",7708.950195
"2117",7850.450195
"2118",7914.700195
"2119",7914.75
"2120",7912.049805
"2121",7899.299805
"2122",7855.049805
"2123",7962.649902
"2124",7979.899902
"2125",7847.25
"2126",7849.799805
"2127",7805.899902
"2128",7747
"2129",7706.549805
"2130",7735.5
"2131",7733.450195
"2132",7866.049805
"2133",7887.799805
"2134",7848.850098
"2135",7900.399902
"2136",7814.899902
"2137",7860.75
"2138",7890.75
"2139",7870.149902
"2140",7783.399902
"2141",7749.700195
"2142",7731.049805
"2143",7748.850098
"2144",7934.899902
"2145",8069.649902
"2146",8156.649902
"2147",8178.5
"2148",8160.100098
"2149",8179.950195
"2150",8218.950195
"2151",8220.799805
"2152",8201.049805
"2153",8266.450195
"2154",8273.049805
"2155",8203.599609
"2156",8170.049805
"2157",8110.600098
"2158",8108.850098
"2159",8206.599609
"2160",8140.75
"2161",8170.200195
"2162",8238.5
"2163",8219.900391
"2164",8203.700195
"2165",8270.450195
"2166",8088.600098
"2167",8094.700195
"2168",8127.850098
"2169",8204
"2170",8287.75
"2171",8328.349609
"2172",8370.700195
"2173",8335.950195
"2174",8337.900391
"2175",8323.200195
"2176",8467.900391
"2177",8521.049805
"2178",8519.5
"2179",8565
"2180",8541.400391
"2181",8508.700195
"2182",8528.549805
"2183",8565.849609
"2184",8510.099609
"2185",8541.200195
"2186",8635.650391
"2187",8590.650391
"2188",8615.799805
"2189",8666.299805
"2190",8638.5
"2191",8636.549805
"2192",8622.900391
"2193",8544.849609
"2194",8551.099609
"2195",8683.150391
"2196",8711.349609
"2197",8678.25
"2198",8575.299805
"2199",8592.150391
"2200",NA
"2201",8642.549805
"2202",8624.049805
"2203",8673.25
"2204",8666.900391
"2205",8629.150391
"2206",8632.599609
"2207",8650.299805
"2208",8592.200195
"2209",8572.549805
"2210",8607.450195
"2211",8744.349609
"2212",8786.200195
"2213",8774.650391
"2214",8809.650391
"2215",8943
"2216",8917.950195
"2217",8952.5
"2218",8866.700195
"2219",8715.599609
"2220",8726.599609
"2221",8742.549805
"2222",8779.849609
"2223",8808.400391
"2224",8775.900391
"2225",8777.150391
"2226",8867.450195
"2227",8831.549805
"2228",8723.049805
"2229",8706.400391
"2230",8745.150391
"2231",8591.25
"2232",8611.150391
"2233",8738.099609
"2234",8769.150391
"2235",8743.950195
"2236",8709.549805
"2237",8697.599609
"2238",8708.799805
"2239",8573.349609
"2240",8583.400391
"2241",8520.400391
"2242",8677.900391
"2243",8659.099609
"2244",8699.400391
"2245",8693.049805
"2246",8708.950195
"2247",8691.299805
"2248",8615.25
"2249",8615.25
"2250",8638
"2251",8626.25
"2252",8514
"2253",8484.950195
"2254",8433.75
"2255",8497.049805
"2256",8543.549805
"2257",8432
"2258",8525.75
"2259",8296.299805
"2260",8108.450195
"2261",8111.600098
"2262",8079.950195
"2263",8074.100098
"2264",7929.100098
"2265",8002.299805
"2266",8033.299805
"2267",7965.5
"2268",8114.299805
"2269",8126.899902
"2270",8142.149902
"2271",8224.5
"2272",8192.900391
"2273",8086.799805
"2274",8128.75
"2275",8143.149902
"2276",8102.049805
"2277",8246.849609
"2278",8261.75
"2279",8170.799805
"2280",8221.799805
"2281",8182.450195
"2282",8153.600098
"2283",8139.450195
"2284",8104.350098
"2285",8082.399902
"2286",8061.299805
"2287",7979.100098
"2288",7985.75
"2289",7908.25
"2290",8032.850098
"2291",8034.850098
"2292",8103.600098
"2293",8185.799805
"2294",8179.5
"2295",8192.25
"2296",8190.5
"2297",8273.799805
"2298",8243.799805
"2299",8236.049805
"2300",8288.599609
"2301",8380.650391
"2302",8407.200195
"2303",8400.349609
"2304",8412.799805
"2305",8398
"2306",8417
"2307",8435.099609
"2308",8349.349609
"2309",8391.5
"2310",8475.799805
"2311",8602.75
"2312",8641.25
"2313",8632.75
"2314",8561.299805
"2315",8716.400391
"2316",8734.25
"2317",8740.950195
"2318",8801.049805
"2319",8768.299805
"2320",8769.049805
"2321",8778.400391
"2322",8793.549805
"2323",8805.049805
"2324",8792.299805
"2325",8724.700195
"2326",8778
"2327",8821.700195
"2328",8879.200195
"2329",8907.849609
"2330",8926.900391
"2331",8939.5
"2332",8896.700195
"2333",8879.599609
"2334",8945.799805
"2335",8899.75
"2336",8897.549805
"2337",8963.450195
"2338",8946.900391
"2339",8924.299805
"2340",8927
"2341",8934.549805
"2342",9087
"2343",9084.799805
"2344",9153.700195
"2345",9160.049805
"2346",9126.849609
"2347",9121.5
"2348",9030.450195
"2349",9086.299805
"2350",9108
"2351",9045.200195
"2352",9100.799805
"2353",9143.799805
"2354",9173.75
"2355",9173.75
"2356",9237.849609
"2357",9265.150391
"2358",9261.950195
"2359",9198.299805
"2360",9181.450195
"2361",9237
"2362",9203.450195
"2363",9150.799805
"2364",9139.299805
"2365",9105.150391
"2366",9103.5
"2367",9136.400391
"2368",9119.400391
"2369",9217.950195
"2370",9306.599609
"2371",9351.849609
"2372",9342.150391
"2373",9304.049805
"2374",9313.799805
"2375",9311.950195
"2376",9359.900391
"2377",9285.299805
"2378",9314.049805
"2379",9316.849609
"2380",9407.299805
"2381",9422.400391
"2382",9400.900391
"2383",9445.400391
"2384",9512.25
"2385",9525.75
"2386",9429.450195
"2387",9427.900391
"2388",9438.25
"2389",9386.150391
"2390",9360.549805
"2391",9509.75
"2392",9595.099609
"2393",9604.900391
"2394",9624.549805
"2395",9621.25
"2396",9616.099609
"2397",9653.5
"2398",9675.099609
"2399",9637.150391
"2400",9663.900391
"2401",9647.25
"2402",9668.25
"2403",9616.400391
"2404",9606.900391
"2405",9618.150391
"2406",9578.049805
"2407",9588.049805
"2408",9657.549805
"2409",9653.5
"2410",9633.599609
"2411",9630
"2412",9574.950195
"2413",9511.400391
"2414",9491.25
"2415",9504.099609
"2416",9520.900391
"2417",9615
"2418",9613.299805
"2419",9637.599609
"2420",9674.549805
"2421",9665.799805
"2422",9771.049805
"2423",9786.049805
"2424",9816.099609
"2425",9891.700195
"2426",9886.349609
"2427",9915.950195
"2428",9827.150391
"2429",9899.599609
"2430",9873.299805
"2431",9915.25
"2432",9966.400391
"2433",9964.549805
"2434",10020.650391
"2435",10020.549805
"2436",10014.5
"2437",10077.099609
"2438",10114.650391
"2439",10081.5
"2440",10013.650391
"2441",10066.400391
"2442",10057.400391
"2443",9978.549805
"2444",9908.049805
"2445",9820.25
"2446",9710.799805
"2447",9794.150391
"2448",9897.299805
"2449",9904.150391
"2450",9837.400391
"2451",9754.349609
"2452",9765.549805
"2453",9852.5
"2454",9857.049805
"2455",9912.799805
"2456",9796.049805
"2457",9884.400391
"2458",9917.900391
"2459",9974.400391
"2460",9912.849609
"2461",9952.200195
"2462",9916.200195
"2463",9929.900391
"2464",9934.799805
"2465",10006.049805
"2466",10093.049805
"2467",10079.299805
"2468",10086.599609
"2469",10085.400391
"2470",10153.099609
"2471",10147.549805
"2472",10141.150391
"2473",10121.900391
"2474",9964.400391
"2475",9872.599609
"2476",9871.5
"2477",9735.75
"2478",9768.950195
"2479",9788.599609
"2480",9859.5
"2481",9914.900391
"2482",9888.700195
"2483",9979.700195
"2484",9988.75
"2485",10016.950195
"2486",9984.799805
"2487",10096.400391
"2488",10167.450195
"2489",10230.849609
"2490",10234.450195
"2491",10210.849609
"2492",10146.549805
"2493",10184.849609
"2494",10207.700195
"2495",10295.349609
"2496",10343.799805
"2497",10323.049805
"2498",10363.650391
"2499",10335.299805
"2500",10440.5
"2501",10423.799805
"2502",10452.5
"2503",10451.799805
"2504",10350.150391
"2505",10303.150391
"2506",10308.950195
"2507",10321.75
"2508",10224.950195
"2509",10186.599609
"2510",10118.049805
"2511",10214.75
"2512",10283.599609
"2513",10298.75
"2514",10326.900391
"2515",10342.299805
"2516",10348.75
"2517",10389.700195
"2518",10399.549805
"2519",10370.25
"2520",10361.299805
"2521",10226.549805
"2522",10121.799805
"2523",10127.75
"2524",10118.25
"2525",10044.099609
"2526",10166.700195
"2527",10265.650391
"2528",10322.25
"2529",10240.150391
"2530",10192.950195
"2531",10252.099609
"2532",10333.25
"2533",10388.75
"2534",10463.200195
"2535",10444.200195
"2536",10440.299805
"2537",10493
"2538",10531.5
"2539",10490.75
"2540",10477.900391
"2541",10530.700195
"2542",NA
"2543",10442.200195
"2544",10443.200195
"2545",10504.799805
"2546",10558.849609
"2547",10623.599609
"2548",10637
"2549",10632.200195
"2550",10651.200195
"2551",10681.25
"2552",10741.549805
"2553",10700.450195
"2554",10788.549805
"2555",10817
"2556",10894.700195
"2557",10966.200195
"2558",11083.700195
"2559",11086
"2560",11069.650391
"2561",11130.400391
"2562",11049.650391
"2563",11027.700195
"2564",11016.900391
"2565",10760.599609
"2566",10666.549805
"2567",10498.25
"2568",10476.700195
"2569",10576.849609
"2570",10454.950195
"2571",10539.75
"2572",10500.900391
"2573",10545.5
"2574",10452.299805
"2575",10378.400391
"2576",10360.400391
"2577",10397.450195
"2578",10382.700195
"2579",10491.049805
"2580",10582.599609
"2581",10554.299805
"2582",10492.849609
"2583",10458.349609
"2584",10358.849609
"2585",10249.25
"2586",10154.200195
"2587",10242.650391
"2588",10226.849609
"2589",10421.400391
"2590",10426.849609
"2591",10410.900391
"2592",10360.150391
"2593",10195.150391
"2594",10094.25
"2595",10124.349609
"2596",10155.25
"2597",10114.75
"2598",9998.049805
"2599",10130.650391
"2600",10184.150391
"2601",10113.700195
"2602",10211.799805
"2603",10245
"2604",10128.400391
"2605",10325.150391
"2606",10331.599609
"2607",10379.349609
"2608",10402.25
"2609",10417.150391
"2610",10458.650391
"2611",10480.599609
"2612",10528.349609
"2613",10548.700195
"2614",10526.200195
"2615",10565.299805
"2616",10564.049805
"2617",10584.700195
"2618",10614.349609
"2619",10570.549805
"2620",10617.799805
"2621",10692.299805
"2622",10739.349609
"2623",10718.049805
"2624",10679.650391
"2625",10618.25
"2626",10715.5
"2627",10717.799805
"2628",10741.700195
"2629",10716.549805
"2630",10806.5
"2631",10806.599609
"2632",10801.849609
"2633",10741.099609
"2634",10682.700195
"2635",10596.400391
"2636",10516.700195
"2637",10536.700195
"2638",10430.349609
"2639",10513.849609
"2640",10605.150391
"2641",10688.650391
"2642",10633.299805
"2643",10614.349609
"2644",10736.150391
"2645",10696.200195
"2646",10628.5
"2647",10593.150391
"2648",10684.650391
"2649",10768.349609
"2650",10767.650391
"2651",10786.950195
"2652",10842.849609
"2653",10856.700195
"2654",10808.049805
"2655",10817.700195
"2656",10799.849609
"2657",10710.450195
"2658",10772.049805
"2659",10741.099609
"2660",10821.849609
"2661",10762.450195
"2662",10769.150391
"2663",10671.400391
"2664",10589.099609
"2665",10714.299805
"2666",10657.299805
"2667",10699.900391
"2668",10769.900391
"2669",10749.75
"2670",10772.650391
"2671",10852.900391
"2672",10947.25
"2673",10948.299805
"2674",11023.200195
"2675",11018.900391
"2676",10936.849609
"2677",11008.049805
"2678",10980.450195
"2679",10957.099609
"2680",11010.200195
"2681",11084.75
"2682",11134.299805
"2683",11132
"2684",11167.299805
"2685",11278.349609
"2686",11319.549805
"2687",11356.5
"2688",11346.200195
"2689",11244.700195
"2690",11360.799805
"2691",11387.099609
"2692",11389.450195
"2693",11450
"2694",11470.700195
"2695",11429.5
"2696",11355.75
"2697",11435.099609
"2698",11385.049805
"2699",11470.75
"2700",11551.75
"2701",11570.900391
"2702",11582.75
"2703",11557.099609
"2704",11691.950195
"2705",11738.5
"2706",11691.900391
"2707",11676.799805
"2708",11680.5
"2709",11582.349609
"2710",11520.299805
"2711",11476.950195
"2712",11536.900391
"2713",11589.099609
"2714",11438.099609
"2715",11287.5
"2716",11369.900391
"2717",11515.200195
"2718",11377.75
"2719",11278.900391
"2720",11234.349609
"2721",11143.099609
"2722",10967.400391
"2723",11067.450195
"2724",11053.799805
"2725",10977.549805
"2726",10930.450195
"2727",11008.299805
"2728",10858.25
"2729",10599.25
"2730",10316.450195
"2731",10348.049805
"2732",10301.049805
"2733",10460.099609
"2734",10234.650391
"2735",10472.5
"2736",10512.5
"2737",10584.75
"2738",10453.049805
"2739",10303.549805
"2740",10245.25
"2741",10146.799805
"2742",10224.75
"2743",10124.900391
"2744",10030
"2745",10250.849609
"2746",10198.400391
"2747",10386.599609
"2748",10380.450195
"2749",10553
"2750",10524
"2751",10530
"2752",10598.400391
"2753",10585.200195
"2754",10482.200195
"2755",10582.5
"2756",10576.299805
"2757",10616.700195
"2758",10682.200195
"2759",10763.400391
"2760",10656.200195
"2761",10600.049805
"2762",10526.75
"2763",10628.599609
"2764",10685.599609
"2765",10728.849609
"2766",10858.700195
"2767",10876.75
"2768",10883.75
"2769",10869.5
"2770",10782.900391
"2771",10601.150391
"2772",10693.700195
"2773",10488.450195
"2774",10549.150391
"2775",10737.599609
"2776",10791.549805
"2777",10805.450195
"2778",10888.349609
"2779",10908.700195
"2780",10967.299805
"2781",10951.700195
"2782",10754
"2783",10663.5
"2784",10729.849609
"2785",10779.799805
"2786",10859.900391
"2787",10862.549805
