Year,Bank,type,cd,id,int_tota,roa,roe,roi,car,npa_adv,Ln_TA,VaR,Total,GDP,unemployment,CPI,Export_tot,Ln_Exp,Ln_TI
2005,ALBK,Public,5.95,46.58,3.42,1.33,27.93,8.47,12.53,1.28,13.02,-4.23,13003,9.28,4.4,4.25,83535.9,11.33,9.47
2006,ALBK,Public,5.49,37.08,3.14,1.42,23.67,8.05,13.37,0.84,13.22,-3.16,15525,9.26,4.24,5.79,103090.5,11.54,9.65
2007,ALBK,Public,6.83,31.48,2.85,1.26,18.49,8.37,12.52,1.07,13.42,-3.1,14640,9.8,4.06,6.39,126414.1,11.75,9.59
2008,ALBK,Public,8.78,32.67,2.22,1.32,20.10,7.92,11.99,0.80,13.63,-5.32,43325,3.89,4.12,8.32,162904.2,12,10.68
2009,ALBK,Public,6.02,34.90,2.39,0.90,13.88,6.97,13.11,0.72,13.79,-4.63,8311,8.48,3.75,10.83,185295,12.13,9.03
2010,ALBK,Public,6.77,36.23,2.42,1.16,19.14,5.71,13.62,0.66,14.01,-3.78,50361,10.26,3.54,12.11,178751.4,12.09,10.83
2011,ALBK,Public,5.99,32.79,2.95,1.11,18.65,6.54,12.96,0.79,14.23,-3.28,41597,6.64,3.53,8.87,251136,12.43,10.64
2012,ALBK,Public,5.46,34.01,3.09,1.02,19.64,7.62,12.83,0.98,14.42,-4.14,39177,5.46,3.62,9.3,305963.9,12.63,10.58
2013,ALBK,Public,4.37,32.62,2.51,0.64,10.84,7.95,11.03,3.19,14.53,-3.97,46710,6.39,3.46,10.92,300400.7,12.61,10.75
2014,ALBK,Public,4.63,33.51,2.50,0.57,10.12,7.46,9.96,4.15,14.61,-4.21,26385,7.41,3.41,6.37,314415.7,12.66,10.18
2015,ALBK,Public,4.99,28.43,2.76,0.29,5.08,7.38,10.45,3.99,14.64,-4.12,73457,8.15,3.49,5.88,310338.5,12.65,11.2
2016,ALBK,Public,4.72,28.49,2.53,-0.33,-5.57,7.12,11.02,6.76,14.69,-4.06,31891,7.11,3.51,4.97,262290.1,12.48,10.37
2017,ALBK,Public,4.25,27.31,2.22,-0.13,-2.21,7.34,11.45,8.92,14.68,-3.45,43224,6.68,3.52,2.49,276547,12.53,10.67
2018,ALBK,Public,4.35,31.70,1.93,-1.96,-38.06,6.67,8.69,8.04,14.74,-4.07,52401,7.3,3.53,4.85,303526.2,12.62,10.87
2005,ANDHRA BANK                   ,Public,7.53,38.64,3.58,1.59,31.62,7.85,12.11,0.28,12.7,-5.36,13003,9.28,4.4,4.25,83535.9,11.33,9.47
2006,ANDHRA BANK                   ,Public,11.38,33.74,3.19,1.38,20.52,7.16,14.00,0.24,12.92,-2.94,15525,9.26,4.24,5.79,103090.5,11.54,9.65
2007,ANDHRA BANK                   ,Public,7.11,34.50,3.21,1.31,17.78,6.96,11.33,0.17,13.07,-3.44,14640,9.8,4.06,6.39,126414.1,11.75,9.59
2008,ANDHRA BANK                   ,Public,9.92,30.14,2.57,1.16,17.97,6.63,11.61,0.15,13.25,-4.84,43325,3.89,4.12,8.32,162904.2,12,10.68
2009,ANDHRA BANK                   ,Public,8.17,28.47,2.60,1.09,18.94,6.91,13.22,0.18,13.44,-4.29,8311,8.48,3.75,10.83,185295,12.13,9.03
2010,ANDHRA BANK                   ,Public,8.62,26.88,2.76,1.39,25.96,6.29,13.93,0.17,13.71,-3.15,50361,10.26,3.54,12.11,178751.4,12.09,10.83
2011,ANDHRA BANK                   ,Public,7.80,26.26,3.23,1.36,23.24,6.83,14.38,0.38,13.9,-2.95,41597,6.64,3.53,8.87,251136,12.43,10.64
2012,ANDHRA BANK                   ,Public,5.26,27.99,3.22,1.19,19.25,7.33,13.18,0.91,14.04,-3.77,39177,5.46,3.62,9.3,305963.9,12.63,10.58
2013,ANDHRA BANK                   ,Public,4.86,30.40,2.77,0.99,16.19,7.36,11.76,2.45,14.2,-3.34,46710,6.39,3.46,10.92,300400.7,12.61,10.75
2014,ANDHRA BANK                   ,Public,5.58,31.98,2.38,0.29,5.07,7.25,10.78,3.11,14.33,-3.59,26385,7.41,3.41,6.37,314415.7,12.66,10.18
2015,ANDHRA BANK                   ,Public,4.85,29.55,2.57,0.38,6.79,7.58,10.63,2.93,14.43,-4.25,73457,8.15,3.49,5.88,310338.5,12.65,11.2
2016,ANDHRA BANK                   ,Public,5.04,30.90,2.76,0.28,5.13,7.78,11.58,4.61,14.51,-3.64,31891,7.11,3.51,4.97,262290.1,12.48,10.37
2017,ANDHRA BANK                   ,Public,4.77,30.54,2.62,0.08,1.56,7.45,12.38,7.57,14.62,-3.65,43224,6.68,3.52,2.49,276547,12.53,10.67
2018,ANDHRA BANK                   ,Public,4.76,31.13,2.72,-1.46,-30.76,7.21,11.00,8.48,14.7,-4.08,52401,7.3,3.53,4.85,303526.2,12.62,10.87
2005,AXIS BANK,Private,10.88,47.45,2.36,1.21,18.81,7.60,12.66,1.39,12.84,-4.72,13003,9.28,4.4,4.25,83535.9,11.33,9.47
2006,AXIS BANK,Private,6.06,53.67,2.47,1.18,18.28,7.03,11.08,0.98,13.12,-3.57,15525,9.26,4.24,5.79,103090.5,11.54,9.65
2007,AXIS BANK,Private,7.93,45.75,2.39,1.10,20.96,6.74,11.57,0.72,13.5,-4.91,14640,9.8,4.06,6.39,126414.1,11.75,9.59
2008,AXIS BANK,Private,8.34,38.46,2.83,1.24,17.60,6.94,13.73,0.42,13.91,-4.5,43325,3.89,4.12,8.32,162904.2,12,10.68
2009,AXIS BANK,Private,8.02,39.47,2.87,1.44,19.12,7.63,13.69,0.40,14.21,-7.3,8311,8.48,3.75,10.83,185295,12.13,9.03
2010,AXIS BANK,Private,6.71,39.61,3.05,1.67,19.15,6.70,15.80,0.40,14.41,-4.05,50361,10.26,3.54,12.11,178751.4,12.09,10.83
2011,AXIS BANK,Private,7.34,38.04,3.10,1.68,19.34,6.94,12.65,0.29,14.7,-3.28,41597,6.64,3.53,8.87,251136,12.43,10.64
2012,AXIS BANK,Private,4.86,42.34,3.04,1.68,20.29,7.74,13.66,0.27,14.87,-4.21,39177,5.46,3.62,9.3,305963.9,12.63,10.58
2013,AXIS BANK,Private,5.86,45.02,3.09,1.70,18.53,7.49,17.00,0.36,15.04,-2.74,46710,6.39,3.46,10.92,300400.7,12.61,10.75
2014,AXIS BANK,Private,6.07,40.42,3.30,1.78,17.43,7.34,16.07,0.44,15.16,-3.79,26385,7.41,3.41,6.37,314415.7,12.66,10.18
2015,AXIS BANK,Private,6.15,36.46,3.37,1.83,17.75,7.31,15.09,0.46,15.35,-2.5,73457,8.15,3.49,5.88,310338.5,12.65,11.2
2016,AXIS BANK,Private,6.25,36.74,3.36,1.72,16.81,7.53,15.29,0.74,15.5,-3.63,31891,7.11,3.51,4.97,262290.1,12.48,10.37
2017,AXIS BANK,Private,7.45,31.08,3.17,0.65,6.76,7.39,14.95,2.27,15.61,-2.58,43224,6.68,3.52,2.49,276547,12.53,10.67
2018,AXIS BANK,Private,7.82,33.92,2.88,0.04,0.46,7.06,16.57,3.64,15.75,-2.31,52401,7.3,3.53,4.85,303526.2,12.62,10.87
2005,BANK OF BARODA,Public,3.33,45.58,3.31,0.75,12.58,7.96,12.61,1.89,13.76,-4.78,13003,9.28,4.4,4.25,83535.9,11.33,9.47
2006,BANK OF BARODA,Public,3.56,37.49,3.05,0.79,12.28,8.05,13.65,0.87,13.94,-3.86,15525,9.26,4.24,5.79,103090.5,11.54,9.65
2007,BANK OF BARODA,Public,5.13,27.97,2.79,0.80,12.45,7.31,11.80,0.60,14.17,-3.72,14640,9.8,4.06,6.39,126414.1,11.75,9.59
2008,BANK OF BARODA,Public,6.16,28.86,2.42,0.89,14.58,6.95,12.94,0.47,14.4,-5.19,43325,3.89,4.12,8.32,162904.2,12,10.68
2009,BANK OF BARODA,Public,5.51,27.26,2.52,1.09,18.62,6.87,14.05,0.31,14.63,-5.24,8311,8.48,3.75,10.83,185295,12.13,9.03
2010,BANK OF BARODA,Public,5.61,25.36,2.35,1.21,21.86,6.43,14.36,0.34,14.84,-3.41,50361,10.26,3.54,12.11,178751.4,12.09,10.83
2011,BANK OF BARODA,Public,6.50,23.38,2.76,1.33,23.47,7.20,14.52,0.35,15.09,-2.43,41597,6.64,3.53,8.87,251136,12.43,10.64
2012,BANK OF BARODA,Public,5.63,21.62,2.56,1.24,20.64,8.00,14.67,0.54,15.31,-3.57,39177,5.46,3.62,9.3,305963.9,12.63,10.58
2013,BANK OF BARODA,Public,2.84,25.62,2.28,0.90,15.07,7.32,13.30,1.28,15.52,-2.93,46710,6.39,3.46,10.92,300400.7,12.61,10.75
2014,BANK OF BARODA,Public,3.27,20.41,1.98,0.75,13.36,7.32,12.28,1.52,15.7,-4.74,26385,7.41,3.41,6.37,314415.7,12.66,10.18
2015,BANK OF BARODA,Public,3.64,18.92,1.92,0.49,8.96,8.10,12.61,1.89,15.78,-3.32,73457,8.15,3.49,5.88,310338.5,12.65,11.2
2016,BANK OF BARODA,Public,3.78,20.98,1.84,-0.78,-13.48,9.00,13.18,5.06,15.72,-4.22,31891,7.11,3.51,4.97,262290.1,12.48,10.37
2017,BANK OF BARODA,Public,3.79,21.54,1.98,0.20,3.44,8.47,12.24,4.72,15.75,-3.35,43224,6.68,3.52,2.49,276547,12.53,10.67
2018,BANK OF BARODA,Public,3.84,27.60,2.19,-0.34,-5.81,7.12,12.13,5.49,15.79,-3.54,52401,7.3,3.53,4.85,303526.2,12.62,10.87
2005,BANK OF INDIA,Public,4.95,36.39,2.49,0.38,8.03,7.62,11.52,2.80,13.76,-4.19,13003,9.28,4.4,4.25,83535.9,11.33,9.47
2006,BANK OF INDIA,Public,5.95,33.83,2.54,0.68,14.85,7.15,10.75,1.49,13.93,-4.04,15525,9.26,4.24,5.79,103090.5,11.54,9.65
2007,BANK OF INDIA,Public,6.00,29.61,2.71,0.88,20.65,6.59,11.75,0.95,14.16,-5.02,14640,9.8,4.06,6.39,126414.1,11.75,9.59
2008,BANK OF INDIA,Public,7.83,27.87,2.64,1.25,24.38,6.83,12.04,0.52,14.4,-6.12,43325,3.89,4.12,8.32,162904.2,12,10.68
2009,BANK OF INDIA,Public,4.70,27.73,2.72,1.49,24.97,7.14,13.01,0.44,14.63,-6.28,8311,8.48,3.75,10.83,185295,12.13,9.03
2010,BANK OF INDIA,Public,6.79,29.20,2.30,0.70,12.56,7.46,12.94,1.31,14.83,-4.04,50361,10.26,3.54,12.11,178751.4,12.09,10.83
2011,BANK OF INDIA,Public,7.29,28.73,2.49,0.82,15.79,6.76,12.17,0.91,15.07,-3.45,41597,6.64,3.53,8.87,251136,12.43,10.64
2012,BANK OF INDIA,Public,4.71,27.26,2.26,0.72,14.00,8.27,11.95,1.47,15.16,-4.26,39177,5.46,3.62,9.3,305963.9,12.63,10.58
2013,BANK OF INDIA,Public,5.75,24.78,2.16,0.65,12.25,8.01,11.02,2.06,15.33,-3.56,46710,6.39,3.46,10.92,300400.7,12.61,10.75
2014,BANK OF INDIA,Public,4.00,23.93,2.11,0.51,10.14,8.05,9.97,2.00,15.56,-5.44,26385,7.41,3.41,6.37,314415.7,12.66,10.18
2015,BANK OF INDIA,Public,5.11,22.52,1.91,0.27,5.57,8.07,10.73,3.36,15.64,-4.61,73457,8.15,3.49,5.88,310338.5,12.65,11.2
2016,BANK OF INDIA,Public,6.62,23.17,1.91,0.94,-19.50,7.50,12.01,7.79,15.62,-4.15,31891,7.11,3.51,4.97,262290.1,12.48,10.37
2017,BANK OF INDIA,Public,5.06,23.67,1.91,-0.24,-5.04,7.35,12.14,6.90,15.65,-3.26,43224,6.68,3.52,2.49,276547,12.53,10.67
2018,BANK OF INDIA,Public,6.02,26.32,1.70,-0.91,-18.23,6.91,12.94,8.28,15.62,-4.16,52401,7.3,3.53,4.85,303526.2,12.62,10.87
2016,CANARA BANK,Public,5.15,39.31,3.01,1.01,19.53,8.28,12.78,1.88,13.91,-4.31,13003,9.28,4.4,4.25,83535.9,11.33,9.47
2017,CANARA BANK,Public,6.78,31.66,2.95,1.13,20.29,7.61,11.22,1.12,14.1,-3.14,15525,9.26,4.24,5.79,103090.5,11.54,9.65
2018,CANARA BANK,Public,6.39,31.76,2.70,0.98,16.25,8.09,13.50,0.94,14.32,-5.31,14640,9.8,4.06,6.39,126414.1,11.75,9.59
2005,CANARA BANK                   ,Public,8.67,32.33,2.04,0.92,15.01,8.03,13.25,0.84,14.41,-5.01,43325,3.89,4.12,8.32,162904.2,12,10.68
2006,CANARA BANK                   ,Public,5.37,30.91,2.36,1.06,18.25,7.62,14.10,1.09,14.6,-4.8,8311,8.48,3.75,10.83,185295,12.13,9.03
2007,CANARA BANK                   ,Public,6.70,29.69,2.35,1.30,22.48,7.18,13.43,1.06,14.79,-3.73,50361,10.26,3.54,12.11,178751.4,12.09,10.83
2008,CANARA BANK                   ,Public,7.50,28.50,2.56,1.42,23.20,7.36,15.38,1.10,15.03,-3.44,41597,6.64,3.53,8.87,251136,12.43,10.64
2009,CANARA BANK                   ,Public,5.44,31.21,2.17,0.95,15.36,7.59,13.76,1.46,15.14,-3.93,39177,5.46,3.62,9.3,305963.9,12.63,10.58
2010,CANARA BANK                   ,Public,4.33,34.04,2.00,0.77,12.08,8.17,12.40,2.18,15.23,-3.53,46710,6.39,3.46,10.92,300400.7,12.61,10.75
2011,CANARA BANK                   ,Public,5.27,30.15,1.98,0.54,8.95,8.27,10.63,1.98,15.41,-4.96,26385,7.41,3.41,6.37,314415.7,12.66,10.18
2012,CANARA BANK                   ,Public,4.64,29.98,1.86,0.55,8.79,7.92,10.56,2.65,15.52,-4.2,73457,8.15,3.49,5.88,310338.5,12.65,11.2
2013,CANARA BANK                   ,Public,4.31,29.66,1.77,-0.52,-8.86,8.02,11.08,6.42,15.53,-4.09,31891,7.11,3.51,4.97,262290.1,12.48,10.37
2014,CANARA BANK                   ,Public,4.02,30.34,1.74,0.20,3.44,7.32,12.86,6.33,15.58,-3.78,43224,6.68,3.52,2.49,276547,12.53,10.67
2015,CANARA BANK                   ,Public,4.21,27.45,2.03,-0.75,-12.19,7.08,13.22,7.48,15.64,-4.17,52401,7.3,3.53,4.85,303526.2,12.62,10.87
2005,CITY UNION BANK LIMITED,Private,5.20,35.61,3.31,1.33,20.88,8.45,12.18,3.37,10.46,-4.48,13003,9.28,4.4,4.25,83535.9,11.33,9.47
2006,CITY UNION BANK LIMITED,Private,6.08,30.06,3.67,1.46,21.40,7.11,12.33,1.95,10.63,-3.59,15525,9.26,4.24,5.79,103090.5,11.54,9.65
2007,CITY UNION BANK LIMITED,Private,6.74,27.81,3.53,1.57,22.03,7.26,12.58,1.09,10.89,-5.26,14640,9.8,4.06,6.39,126414.1,11.75,9.59
2008,CITY UNION BANK LIMITED,Private,10.83,26.74,3.14,1.60,21.82,7.25,12.48,0.98,11.2,-4.61,43325,3.89,4.12,8.32,162904.2,12,10.68
2009,CITY UNION BANK LIMITED,Private,7.25,29.21,2.92,1.50,19.90,6.92,12.69,1.08,11.44,-4.52,8311,8.48,3.75,10.83,185295,12.13,9.03
2010,CITY UNION BANK LIMITED,Private,8.44,31.22,2.67,1.52,20.55,6.91,13.46,0.58,11.66,-2.98,50361,10.26,3.54,12.11,178751.4,12.09,10.83
2011,CITY UNION BANK LIMITED,Private,8.15,28.00,3.21,1.67,23.47,7.18,12.75,0.52,11.89,-2.68,41597,6.64,3.53,8.87,251136,12.43,10.64
2012,CITY UNION BANK LIMITED,Private,4.99,28.07,3.03,1.71,24.91,7.40,12.57,0.44,12.12,-2.43,39177,5.46,3.62,9.3,305963.9,12.63,10.58
2013,CITY UNION BANK LIMITED,Private,5.01,25.94,3.02,1.58,22.33,7.56,13.98,0.63,12.34,-1.67,46710,6.39,3.46,10.92,300400.7,12.61,10.75
2014,CITY UNION BANK LIMITED,Private,4.72,27.04,3.17,1.44,18.94,7.81,15.01,1.23,12.43,-2.89,26385,7.41,3.41,6.37,314415.7,12.66,10.18
2015,CITY UNION BANK LIMITED,Private,5.12,24.38,3.05,1.49,16.74,8.33,16.52,1.30,12.54,-2.79,73457,8.15,3.49,5.88,310338.5,12.65,11.2
2016,CITY UNION BANK LIMITED,Private,5.20,25.14,3.29,1.50,15.47,8.52,15.58,1.53,12.67,-3.33,31891,7.11,3.51,4.97,262290.1,12.48,10.37
2017,CITY UNION BANK LIMITED,Private,4.93,23.35,3.57,1.50,15.18,7.77,15.83,1.71,12.77,-2.7,43224,6.68,3.52,2.49,276547,12.53,10.67
2018,CITY UNION BANK LIMITED,Private,5.67,23.98,3.80,1.60,15.31,7.01,16.22,1.70,12.9,-3.62,52401,7.3,3.53,4.85,303526.2,12.62,10.87
2005,CORPORATION BANK              ,Public,7.05,37.68,3.58,1.12,13.81,8.40,16.23,1.12,12.73,-3.44,13003,9.28,4.4,4.25,83535.9,11.33,9.47
2006,CORPORATION BANK              ,Public,4.99,32.40,3.30,1.24,13.82,8.16,13.92,0.64,12.91,-2.68,15525,9.26,4.24,5.79,103090.5,11.54,9.65
2007,CORPORATION BANK              ,Public,7.04,34.04,2.81,1.17,15.02,6.62,12.76,0.47,13.18,-3.6,14640,9.8,4.06,6.39,126414.1,11.75,9.59
2008,CORPORATION BANK              ,Public,12.82,31.26,2.42,1.29,18.39,6.79,12.09,0.32,13.41,-4.92,43325,3.89,4.12,8.32,162904.2,12,10.68
2009,CORPORATION BANK              ,Public,7.56,33.71,2.20,1.24,19.57,7.13,13.61,0.29,13.68,-4.77,8311,8.48,3.75,10.83,185295,12.13,9.03
2010,CORPORATION BANK              ,Public,9.53,37.23,1.92,1.28,21.93,6.00,15.37,0.31,13.93,-3.51,50361,10.26,3.54,12.11,178751.4,12.09,10.83
2011,CORPORATION BANK              ,Public,6.97,37.22,2.30,1.21,21.89,5.97,14.11,0.46,14.18,-3.06,41597,6.64,3.53,8.87,251136,12.43,10.64
2012,CORPORATION BANK              ,Public,6.82,34.87,2.05,1.06,19.54,6.75,13.00,0.87,14.31,-2.57,39177,5.46,3.62,9.3,305963.9,12.63,10.58
2013,CORPORATION BANK              ,Public,5.33,35.04,1.92,0.88,16.08,6.50,12.33,1.19,14.48,-2.02,46710,6.39,3.46,10.92,300400.7,12.61,10.75
2014,CORPORATION BANK              ,Public,7.10,34.23,1.82,0.29,5.72,6.82,11.65,2.32,14.61,-2.39,26385,7.41,3.41,6.37,314415.7,12.66,10.18
2015,CORPORATION BANK              ,Public,5.09,26.74,1.82,0.28,5.68,6.97,11.09,3.08,14.63,-2.28,73457,8.15,3.49,5.88,310338.5,12.65,11.2
2016,CORPORATION BANK              ,Public,4.92,30.84,1.84,-0.23,-4.64,7.22,10.56,6.53,14.67,-2.47,31891,7.11,3.51,4.97,262290.1,12.48,10.37
2017,CORPORATION BANK              ,Public,7.93,29.05,1.84,0.23,4.66,8.12,11.32,8.33,14.72,-2.46,43224,6.68,3.52,2.49,276547,12.53,10.67
2018,CORPORATION BANK              ,Public,6.08,38.38,2.06,-1.67,-34.42,7.68,9.23,11.74,14.61,-2.76,52401,7.3,3.53,4.85,303526.2,12.62,10.87
2005,DENA BANK                     ,Public,7.13,46.40,2.97,0.26,5.65,8.35,11.91,5.23,12.39,-4.24,13003,9.28,4.4,4.25,83535.9,11.33,9.47
2006,DENA BANK                     ,Public,7.14,36.28,2.86,0.29,5.98,7.82,10.62,3.04,12.49,-3.26,15525,9.26,4.24,5.79,103090.5,11.54,9.65
2007,DENA BANK                     ,Public,7.07,33.35,2.95,0.71,14.22,7.47,11.52,1.99,12.66,-4.83,14640,9.8,4.06,6.39,126414.1,11.75,9.59
2008,DENA BANK                     ,Public,10.41,30.29,2.45,1.06,21.82,7.09,11.09,0.94,12.86,-5.66,43325,3.89,4.12,8.32,162904.2,12,10.68
2009,DENA BANK                     ,Public,11.57,28.97,2.44,1.02,21.29,7.28,12.07,1.09,13.09,-5.22,8311,8.48,3.75,10.83,185295,12.13,9.03
2010,DENA BANK                     ,Public,8.48,30.57,2.07,1.01,21.43,6.82,12.77,1.21,13.26,-4.67,50361,10.26,3.54,12.11,178751.4,12.09,10.83
2011,DENA BANK                     ,Public,7.35,29.23,2.75,1.00,19.55,6.92,13.41,1.22,13.47,-3.92,41597,6.64,3.53,8.87,251136,12.43,10.64
2012,DENA BANK                     ,Public,6.73,29.84,2.66,1.08,19.75,7.39,11.51,1.01,13.68,-3.85,39177,5.46,3.62,9.3,305963.9,12.63,10.58
2013,DENA BANK                     ,Public,8.89,35.33,2.37,0.86,15.83,7.04,11.03,1.39,13.94,-3.55,46710,6.39,3.46,10.92,300400.7,12.61,10.75
2014,DENA BANK                     ,Public,5.67,33.28,2.10,0.51,8.55,7.21,11.14,2.35,14.04,-4.76,26385,7.41,3.41,6.37,314415.7,12.66,10.18
2015,DENA BANK                     ,Public,7.84,28.26,1.92,0.22,3.64,7.33,10.93,3.82,14.08,-3.58,73457,8.15,3.49,5.88,310338.5,12.65,11.2
2016,DENA BANK                     ,Public,4.55,30.00,1.88,-1.02,-12.83,7.67,11.00,6.35,14.1,-2.8,31891,7.11,3.51,4.97,262290.1,12.48,10.37
2017,DENA BANK                     ,Public,5.28,34.87,1.83,-0.67,-11.65,7.75,11.39,10.66,14.07,-2.72,43224,6.68,3.52,2.49,276547,12.53,10.67
2018,DENA BANK                     ,Public,5.55,35.44,1.98,-1.59,-22.78,6.93,11.09,11.95,14,-3.32,52401,7.3,3.53,4.85,303526.2,12.62,10.87
2005,FEDERAL BANK,Private,4.54,38.17,3.15,0.62,13.13,6.70,11.27,2.21,12.03,-4.49,13003,9.28,4.4,4.25,83535.9,11.33,9.47
2006,FEDERAL BANK,Private,6.79,35.08,3.20,1.28,22.82,7.59,13.75,0.95,12.24,-3.21,15525,9.26,4.24,5.79,103090.5,11.54,9.65
2007,FEDERAL BANK,Private,5.71,32.58,3.13,1.38,21.27,7.01,13.43,0.44,12.43,-5.12,14640,9.8,4.06,6.39,126414.1,11.75,9.59
2008,FEDERAL BANK,Private,9.09,38.69,3.01,1.34,13.56,7.29,22.46,0.23,12.69,-3.49,43325,3.89,4.12,8.32,162904.2,12,10.68
2009,FEDERAL BANK,Private,6.88,37.64,3.69,1.48,12.13,6.32,20.22,0.30,12.87,-4.72,8311,8.48,3.75,10.83,185295,12.13,9.03
2010,FEDERAL BANK,Private,6.43,36.20,3.42,1.15,10.30,6.22,18.36,0.48,12.99,-3.58,50361,10.26,3.54,12.11,178751.4,12.09,10.83
2011,FEDERAL BANK,Private,6.82,33.80,3.67,1.34,11.98,6.29,16.79,0.60,13.15,-2.94,41597,6.64,3.53,8.87,251136,12.43,10.64
2012,FEDERAL BANK,Private,4.95,35.56,3.49,1.41,14.37,8.24,16.64,0.53,13.32,-3.18,39177,5.46,3.62,9.3,305963.9,12.63,10.58
2013,FEDERAL BANK,Private,4.76,36.72,3.00,1.35,13.89,7.60,14.73,0.98,13.47,-1.84,46710,6.39,3.46,10.92,300400.7,12.61,10.75
2014,FEDERAL BANK,Private,5.20,40.38,3.06,1.20,12.60,7.85,15.14,0.74,13.52,-4.43,26385,7.41,3.41,6.37,314415.7,12.66,10.18
2015,FEDERAL BANK,Private,4.77,29.04,3.02,1.32,13.69,7.38,15.46,0.73,13.63,-3.15,73457,8.15,3.49,5.88,310338.5,12.65,11.2
2016,FEDERAL BANK,Private,4.77,31.77,2.83,0.57,6.01,7.71,13.93,1.64,13.76,-3.39,31891,7.11,3.51,4.97,262290.1,12.48,10.37
2017,FEDERAL BANK,Private,4.69,28.87,2.91,0.84,9.75,6.75,12.39,1.28,13.96,-2.96,43224,6.68,3.52,2.49,276547,12.53,10.67
2018,FEDERAL BANK,Private,4.58,27.48,2.83,0.75,8.31,6.50,14.70,1.69,14.14,-2.73,52401,7.3,3.53,4.85,303526.2,12.62,10.87
2005,HDFC BANK ,Private,7.29,53.23,3.79,1.47,18.45,6.79,12.16,0.24,13.15,-2.6,13003,9.28,4.4,4.25,83535.9,11.33,9.47
2006,HDFC BANK ,Private,5.93,50.89,4.08,1.38,17.74,6.84,11.41,0.44,13.51,-2.6,15525,9.26,4.24,5.79,103090.5,11.54,9.65
2007,HDFC BANK ,Private,7.43,44.75,4.21,1.33,19.46,6.98,13.08,0.43,13.72,-3.21,14640,9.8,4.06,6.39,126414.1,11.75,9.59
2008,HDFC BANK ,Private,12.46,49.02,4.66,1.32,17.74,7.18,13.60,0.47,14.1,-4,43325,3.89,4.12,8.32,162904.2,12,10.68
2009,HDFC BANK ,Private,9.47,41.19,4.69,1.28,17.17,7.41,15.69,0.63,14.42,-5.57,8311,8.48,3.75,10.83,185295,12.13,9.03
2010,HDFC BANK ,Private,9.25,35.01,4.13,1.53,16.30,6.78,17.44,0.31,14.62,-2.47,50361,10.26,3.54,12.11,178751.4,12.09,10.83
2011,HDFC BANK ,Private,12.03,34.00,4.22,1.58,16.74,7.22,16.22,0.19,14.84,-2.31,41597,6.64,3.53,8.87,251136,12.43,10.64
2012,HDFC BANK ,Private,6.08,39.51,4.19,1.77,18.69,7.72,16.52,0.18,15.03,-2.51,39177,5.46,3.62,9.3,305963.9,12.63,10.58
2013,HDFC BANK ,Private,4.94,37.68,4.28,1.90,20.34,7.48,16.80,0.20,15.2,-1.76,46710,6.39,3.46,10.92,300400.7,12.61,10.75
2014,HDFC BANK ,Private,6.90,32.93,4.14,2.00,21.28,7.77,16.07,0.27,15.41,-2.55,26385,7.41,3.41,6.37,314415.7,12.66,10.18
2015,HDFC BANK ,Private,6.10,33.64,4.14,2.02,19.37,7.23,16.79,0.25,15.59,-1.62,73457,8.15,3.49,5.88,310338.5,12.65,11.2
2016,HDFC BANK ,Private,5.50,35.84,4.15,1.89,18.26,8.13,15.53,0.28,15.82,-1.68,31891,7.11,3.51,4.97,262290.1,12.48,10.37
2017,HDFC BANK ,Private,5.89,33.32,4.13,1.88,17.95,7.77,14.55,0.33,15.97,-1.16,43224,6.68,3.52,2.49,276547,12.53,10.67
2018,HDFC BANK ,Private,13.27,30.71,4.16,1.93,17.87,7.10,14.82,0.40,16.18,-1.07,52401,7.3,3.53,4.85,303526.2,12.62,10.87
2005,ICICI BANK,Private,6.36,50.58,1.94,1.59,18.86,4.75,11.78,1.65,14.33,-2.96,13003,9.28,4.4,4.25,83535.9,11.33,9.47
2006,ICICI BANK,Private,5.41,43.34,2.25,1.30,14.33,6.05,13.35,0.72,14.74,-3.26,15525,9.26,4.24,5.79,103090.5,11.54,9.65
2007,ICICI BANK,Private,8.12,39.59,1.89,1.09,13.17,6.13,11.69,1.02,15.05,-3.58,14640,9.8,4.06,6.39,126414.1,11.75,9.59
2008,ICICI BANK,Private,12.02,45.60,1.96,1.12,11.63,7.37,13.96,1.55,15.2,-4.71,43325,3.89,4.12,8.32,162904.2,12,10.68
2009,ICICI BANK,Private,8.03,47.20,2.15,0.98,7.80,6.90,15.53,2.09,15.15,-7.91,8311,8.48,3.75,10.83,185295,12.13,9.03
2010,ICICI BANK,Private,13.62,59.84,2.19,1.13,7.96,5.77,19.41,2.12,15.11,-4.65,50361,10.26,3.54,12.11,178751.4,12.09,10.83
2011,ICICI BANK,Private,9.27,59.70,2.34,1.35,9.65,6.19,19.54,1.11,15.22,-3.06,41597,6.64,3.53,8.87,251136,12.43,10.64
2012,ICICI BANK,Private,8.01,62.45,2.40,1.50,11.20,6.58,18.52,0.73,15.4,-3.76,39177,5.46,3.62,9.3,305963.9,12.63,10.58
2013,ICICI BANK,Private,6.51,58.57,2.70,1.70,13.10,6.65,18.74,0.77,15.5,-2.6,46710,6.39,3.46,10.92,300400.7,12.61,10.75
2014,ICICI BANK,Private,6.57,53.33,2.91,1.78,14.02,6.63,17.70,0.97,15.6,-3.66,26385,7.41,3.41,6.37,314415.7,12.66,10.18
2015,ICICI BANK,Private,7.10,43.73,3.07,1.86,14.55,6.32,17.02,1.61,15.68,-2.54,73457,8.15,3.49,5.88,310338.5,12.65,11.2
2016,ICICI BANK,Private,6.43,38.06,3.11,1.49,11.43,6.67,16.64,2.98,15.79,-3.4,31891,7.11,3.51,4.97,262290.1,12.48,10.37
2017,ICICI BANK,Private,6.47,32.96,2.91,1.35,10.33,7.07,17.39,5.43,15.86,-2.87,43224,6.68,3.52,2.49,276547,12.53,10.67
2018,ICICI BANK,Private,5.90,36.19,2.79,0.87,6.61,6.35,18.42,5.43,15.99,-2.29,52401,7.3,3.53,4.85,303526.2,12.62,10.87
2005,IDBI BANK LIMITED,Public,15.73,165.90,0.23,0.78,5.18,1.58,15.51,1.74,13.61,-5.71,13003,9.28,4.4,4.25,83535.9,11.33,9.47
2006,IDBI BANK LIMITED,Public,10.31,97.50,0.45,0.68,9.12,3.35,14.80,1.01,13.69,-3.92,15525,9.26,4.24,5.79,103090.5,11.54,9.65
2007,IDBI BANK LIMITED,Public,12.47,59.22,0.68,0.67,8.59,3.91,13.73,1.12,13.85,-5.68,14640,9.8,4.06,6.39,126414.1,11.75,9.59
2008,IDBI BANK LIMITED,Public,9.17,44.94,0.58,0.67,8.52,4.69,11.95,1.30,14.08,-6.23,43325,3.89,4.12,8.32,162904.2,12,10.68
2009,IDBI BANK LIMITED,Public,7.64,44.53,0.82,0.62,9.41,5.30,11.57,0.92,14.36,-5.63,8311,8.48,3.75,10.83,185295,12.13,9.03
2010,IDBI BANK LIMITED,Public,8.29,43.74,1.11,0.53,10.53,6.85,11.31,1.02,14.66,-4.69,50361,10.26,3.54,12.11,178751.4,12.09,10.83
2011,IDBI BANK LIMITED,Public,10.84,37.83,1.75,0.73,13.35,6.71,13.64,1.06,14.75,-3.76,41597,6.64,3.53,8.87,251136,12.43,10.64
2012,IDBI BANK LIMITED,Public,7.17,39.51,1.67,0.83,11.95,6.99,14.58,1.61,14.88,-3.87,39177,5.46,3.62,9.3,305963.9,12.63,10.58
2013,IDBI BANK LIMITED,Public,4.64,43.50,1.75,0.72,9.26,5.86,13.13,1.58,14.99,-3.03,46710,6.39,3.46,10.92,300400.7,12.61,10.75
2014,IDBI BANK LIMITED,Public,5.39,44.01,1.85,0.41,5.00,6.00,11.68,2.48,15.01,-3.45,26385,7.41,3.41,6.37,314415.7,12.66,10.18
2015,IDBI BANK LIMITED,Public,5.06,37.60,1.68,0.29,3.64,6.22,11.76,2.88,15.09,-4.67,73457,8.15,3.49,5.88,310338.5,12.65,11.2
2016,IDBI BANK LIMITED,Public,5.20,35.00,1.66,-1.09,-14.08,6.24,11.67,6.78,15.14,-4.55,31891,7.11,3.51,4.97,262290.1,12.48,10.37
2017,IDBI BANK LIMITED,Public,4.97,34.61,1.56,-1.37,-20.52,7.07,10.70,13.21,15.1,-2.94,43224,6.68,3.52,2.49,276547,12.53,10.67
2018,IDBI BANK LIMITED,Public,5.31,36.95,1.58,-2.46,-37.64,6.39,10.41,16.69,15.07,-5.14,52401,7.3,3.53,4.85,303526.2,12.62,10.87
2005,INDIAN OVERSEAS BANK          ,Public,9.44,42.98,3.78,1.28,27.98,9.04,14.20,1.27,13.14,-4.5,13003,9.28,4.4,4.25,83535.9,11.33,9.47
2006,INDIAN OVERSEAS BANK          ,Public,6.09,37.51,3.75,1.32,27.23,8.81,13.04,0.65,13.29,-3.87,15525,9.26,4.24,5.79,103090.5,11.54,9.65
2007,INDIAN OVERSEAS BANK          ,Public,6.82,34.88,3.62,1.36,28.14,7.94,13.27,0.55,13.62,-6.81,14640,9.8,4.06,6.39,126414.1,11.75,9.59
2008,INDIAN OVERSEAS BANK          ,Public,10.82,33.77,2.66,1.30,27.15,7.65,11.93,0.60,13.83,-6.03,43325,3.89,4.12,8.32,162904.2,12,10.68
2009,INDIAN OVERSEAS BANK          ,Public,5.93,31.18,2.57,1.17,22.07,7.23,13.20,1.33,14.01,-6.92,8311,8.48,3.75,10.83,185295,12.13,9.03
2010,INDIAN OVERSEAS BANK          ,Public,6.92,33.98,2.51,0.53,9.63,6.92,14.78,2.52,14.09,-4.48,50361,10.26,3.54,12.11,178751.4,12.09,10.83
2011,INDIAN OVERSEAS BANK          ,Public,6.89,33.47,2.72,0.71,12.73,6.88,14.55,1.19,14.4,-3.62,41597,6.64,3.53,8.87,251136,12.43,10.64
2012,INDIAN OVERSEAS BANK          ,Public,5.72,31.14,2.52,0.52,9.88,7.57,13.32,1.35,14.6,-3.36,39177,5.46,3.62,9.3,305963.9,12.63,10.58
2013,INDIAN OVERSEAS BANK          ,Public,4.87,30.38,2.26,0.24,4.47,7.48,11.85,2.50,14.71,-2.38,46710,6.39,3.46,10.92,300400.7,12.61,10.75
2014,INDIAN OVERSEAS BANK          ,Public,5.15,30.81,2.15,0.23,4.06,7.58,10.78,3.20,14.83,-4.57,26385,7.41,3.41,6.37,314415.7,12.66,10.18
2015,INDIAN OVERSEAS BANK          ,Public,5.14,32.23,1.92,-0.16,-2.86,7.32,10.11,5.68,14.87,-2.22,73457,8.15,3.49,5.88,310338.5,12.65,11.2
2016,INDIAN OVERSEAS BANK          ,Public,6.25,35.27,1.92,-0.97,-18.51,8.18,9.67,11.89,14.83,-3.05,31891,7.11,3.51,4.97,262290.1,12.48,10.37
2017,INDIAN OVERSEAS BANK          ,Public,5.44,33.90,1.99,-1.21,-23.23,6.91,10.49,13.99,14.72,-1.85,43224,6.68,3.52,2.49,276547,12.53,10.67
2018,INDIAN OVERSEAS BANK          ,Public,5.34,31.66,2.21,-2.33,-46.63,6.84,9.26,15.33,14.72,-1.68,52401,7.3,3.53,4.85,303526.2,12.62,10.87
2005,INDUSIND BANK ,Private,4.85,31.03,2.71,1.50,25.79,7.16,11.62,2.71,11.96,-5.38,13003,9.28,4.4,4.25,83535.9,11.33,9.47
2006,INDUSIND BANK ,Private,4.03,36.05,1.90,0.22,4.34,6.56,10.54,2.09,12.08,-3.36,15525,9.26,4.24,5.79,103090.5,11.54,9.65
2007,INDUSIND BANK ,Private,5.79,33.39,1.41,0.34,7.10,6.94,12.54,2.47,12.25,-5.23,14640,9.8,4.06,6.39,126414.1,11.75,9.59
2008,INDUSIND BANK ,Private,8.02,34.82,1.36,0.34,6.24,6.44,11.91,2.27,12.36,-4.78,43325,3.89,4.12,8.32,162904.2,12,10.68
2009,INDUSIND BANK ,Private,5.39,36.56,1.80,0.58,9.84,6.57,12.55,1.14,12.53,-6.35,8311,8.48,3.75,10.83,185295,12.13,9.03
2010,INDUSIND BANK ,Private,7.86,38.94,2.81,1.14,17.25,6.05,15.33,0.50,12.78,-4.25,50361,10.26,3.54,12.11,178751.4,12.09,10.83
2011,INDUSIND BANK ,Private,7.15,39.43,3.40,1.46,17.91,6.12,15.89,0.28,13.03,-3.31,41597,6.64,3.53,8.87,251136,12.43,10.64
2012,INDUSIND BANK ,Private,6.85,34.40,3.30,1.57,18.26,7.67,13.85,0.27,13.26,-3.83,39177,5.46,3.62,9.3,305963.9,12.63,10.58
2013,INDUSIND BANK ,Private,6.01,36.32,3.41,1.63,17.15,7.49,15.36,0.31,13.5,-2.91,46710,6.39,3.46,10.92,300400.7,12.61,10.75
2014,INDUSIND BANK ,Private,7.30,35.64,3.61,1.81,16.89,7.17,13.83,0.33,13.68,-3.66,26385,7.41,3.41,6.37,314415.7,12.66,10.18
2015,INDUSIND BANK ,Private,5.44,30.86,3.44,1.90,18.22,7.15,12.09,0.31,13.93,-3.86,73457,8.15,3.49,5.88,310338.5,12.65,11.2
2016,INDUSIND BANK ,Private,4.86,36.62,3.55,1.91,16.14,7.26,15.50,0.36,14.17,-3.1,31891,7.11,3.51,4.97,262290.1,12.48,10.37
2017,INDUSIND BANK ,Private,6.12,29.00,3.77,1.86,14.96,6.97,15.31,0.39,14.4,-2.9,43224,6.68,3.52,2.49,276547,12.53,10.67
2018,INDUSIND BANK ,Private,7.23,33.02,3.75,1.90,16.21,7.09,15.03,0.51,14.61,-2.87,52401,7.3,3.53,4.85,303526.2,12.62,10.87
2005,JAMMU & KASHMIR BANK LTD,Private,7.74,41.73,2.61,0.47,7.06,7.38,15.15,1.41,12.41,-4.53,13003,9.28,4.4,4.25,83535.9,11.33,9.47
2006,JAMMU & KASHMIR BANK LTD,Private,3.99,38.30,2.61,0.67,10.21,6.23,13.52,0.92,12.49,-2.94,15525,9.26,4.24,5.79,103090.5,11.54,9.65
2007,JAMMU & KASHMIR BANK LTD,Private,7.36,29.34,2.79,0.96,14.42,6.20,13.24,1.13,12.57,-3.66,14640,9.8,4.06,6.39,126414.1,11.75,9.59
2008,JAMMU & KASHMIR BANK LTD,Private,11.26,30.63,2.64,1.09,16.79,6.70,12.80,1.07,12.7,-3.3,43325,3.89,4.12,8.32,162904.2,12,10.68
2009,JAMMU & KASHMIR BANK LTD,Private,6.98,32.53,2.79,1.09,16.72,6.62,14.48,1.38,12.84,-4.73,8311,8.48,3.75,10.83,185295,12.13,9.03
2010,JAMMU & KASHMIR BANK LTD,Private,7.37,37.48,2.79,1.20,18.19,5.71,15.89,0.28,12.96,-3.38,50361,10.26,3.54,12.11,178751.4,12.09,10.83
2011,JAMMU & KASHMIR BANK LTD,Private,6.66,44.09,3.32,1.22,18.96,6.34,13.72,0.20,13.13,-2.72,41597,6.64,3.53,8.87,251136,12.43,10.64
2012,JAMMU & KASHMIR BANK LTD,Private,5.22,40.54,3.32,1.56,21.22,6.79,13.36,0.15,13.31,-2.37,39177,5.46,3.62,9.3,305963.9,12.63,10.58
2013,JAMMU & KASHMIR BANK LTD,Private,4.20,40.08,3.51,1.70,23.56,7.27,12.83,0.14,13.48,-2.13,46710,6.39,3.46,10.92,300400.7,12.61,10.75
2014,JAMMU & KASHMIR BANK LTD,Private,4.39,37.78,3.57,1.74,22.34,6.49,12.69,0.22,13.57,-2.89,26385,7.41,3.41,6.37,314415.7,12.66,10.18
2015,JAMMU & KASHMIR BANK LTD,Private,3.61,34.61,3.43,0.70,8.60,7.11,12.57,2.77,13.54,-3.73,73457,8.15,3.49,5.88,310338.5,12.65,11.2
2016,JAMMU & KASHMIR BANK LTD,Private,4.51,29.33,3.47,0.57,6.64,7.64,11.81,4.31,13.6,-2.76,31891,7.11,3.51,4.97,262290.1,12.48,10.37
2017,JAMMU & KASHMIR BANK LTD,Private,4.96,29.38,3.10,-2.04,-26.98,8.56,10.80,4.87,13.62,-3.8,43224,6.68,3.52,2.49,276547,12.53,10.67
2018,JAMMU & KASHMIR BANK LTD,Private,5.41,23.60,3.34,0.25,3.42,7.13,11.42,4.89,13.71,-2.85,52401,7.3,3.53,4.85,303526.2,12.62,10.87
2005,KARNATAKA BANK LTD,Private,6.35,42.04,2.74,1.27,17.56,7.56,14.16,2.29,11.74,-3.29,13003,9.28,4.4,4.25,83535.9,11.33,9.47
2006,KARNATAKA BANK LTD,Private,4.04,41.90,2.66,1.28,16.85,7.37,11.78,1.18,11.92,-2.93,15525,9.26,4.24,5.79,103090.5,11.54,9.65
2007,KARNATAKA BANK LTD,Private,5.89,35.96,2.69,1.15,15.07,7.79,11.03,1.22,12,-2.86,14640,9.8,4.06,6.39,126414.1,11.75,9.59
2008,KARNATAKA BANK LTD,Private,8.71,37.18,2.58,1.37,18.47,7.58,12.17,0.98,12.17,-3.11,43325,3.89,4.12,8.32,162904.2,12,10.68
2009,KARNATAKA BANK LTD,Private,6.71,44.07,2.39,1.25,18.10,7.13,13.48,0.98,12.34,-3.24,8311,8.48,3.75,10.83,185295,12.13,9.03
2010,KARNATAKA BANK LTD,Private,7.35,42.11,1.08,0.67,9.83,5.97,12.37,1.31,12.51,-2.65,50361,10.26,3.54,12.11,178751.4,12.09,10.83
2011,KARNATAKA BANK LTD,Private,7.10,42.09,2.09,0.72,9.60,5.97,13.33,1.62,12.67,-2.54,41597,6.64,3.53,8.87,251136,12.43,10.64
2012,KARNATAKA BANK LTD,Private,5.39,40.63,2.15,0.73,9.79,6.05,12.84,2.11,12.8,-2.31,39177,5.46,3.62,9.3,305963.9,12.63,10.58
2013,KARNATAKA BANK LTD,Private,4.76,37.25,2.32,0.89,12.76,7.14,13.22,1.51,12.94,-2,46710,6.39,3.46,10.92,300400.7,12.61,10.75
2014,KARNATAKA BANK LTD,Private,5.30,37.52,2.39,0.71,10.53,7.13,13.20,1.91,13.06,-2.69,26385,7.41,3.41,6.37,314415.7,12.66,10.18
2015,KARNATAKA BANK LTD,Private,5.41,30.50,2.36,0.91,14.02,7.42,12.41,1.98,13.16,-2.1,73457,8.15,3.49,5.88,310338.5,12.65,11.2
2016,KARNATAKA BANK LTD,Private,5.24,32.20,2.41,0.76,11.73,7.86,12.03,2.35,13.24,-2.24,31891,7.11,3.51,4.97,262290.1,12.48,10.37
2017,KARNATAKA BANK LTD,Private,5.16,35.64,2.47,0.74,10.24,6.97,13.30,2.64,13.37,-2.2,43224,6.68,3.52,2.49,276547,12.53,10.67
2018,KARNATAKA BANK LTD,Private,5.64,24.57,2.76,0.49,6.17,6.51,12.04,2.96,13.46,-3.06,52401,7.3,3.53,4.85,303526.2,12.62,10.87
2005,KARUR VYSYA BANK,Private,5.72,33.26,3.42,1.45,14.30,8.65,16.07,1.66,11.28,-3.53,13003,9.28,4.4,4.25,83535.9,11.33,9.47
2006,KARUR VYSYA BANK,Private,6.21,30.33,3.35,1.65,16.58,8.28,14.79,0.81,11.41,-3.41,15525,9.26,4.24,5.79,103090.5,11.54,9.65
2007,KARUR VYSYA BANK,Private,6.37,30.77,3.46,1.53,16.54,8.44,14.51,0.23,11.62,-4.02,14640,9.8,4.06,6.39,126414.1,11.75,9.59
2008,KARUR VYSYA BANK,Private,8.76,28.10,2.66,1.63,18.49,7.36,12.58,0.18,11.89,-6.24,43325,3.89,4.12,8.32,162904.2,12,10.68
2009,KARUR VYSYA BANK,Private,6.38,31.23,2.59,1.49,18.57,6.71,14.92,0.25,12.05,-7.32,8311,8.48,3.75,10.83,185295,12.13,9.03
2010,KARUR VYSYA BANK,Private,6.22,34.26,2.90,1.76,22.63,7.00,14.49,0.23,12.3,-4.78,50361,10.26,3.54,12.11,178751.4,12.09,10.83
2011,KARUR VYSYA BANK,Private,6.79,31.27,3.06,1.71,22.26,7.31,14.41,0.07,12.55,-2.92,41597,6.64,3.53,8.87,251136,12.43,10.64
2012,KARUR VYSYA BANK,Private,5.98,32.72,2.79,1.56,20.81,7.85,14.33,0.33,12.84,-2.98,39177,5.46,3.62,9.3,305963.9,12.63,10.58
2013,KARUR VYSYA BANK,Private,4.21,35.80,2.75,1.35,19.00,7.81,14.41,0.37,13.05,-2.44,46710,6.39,3.46,10.92,300400.7,12.61,10.75
2014,KARUR VYSYA BANK,Private,5.82,30.27,2.61,0.86,13.40,8.84,12.59,0.41,13.15,-3.06,26385,7.41,3.41,6.37,314415.7,12.66,10.18
2015,KARUR VYSYA BANK,Private,6.03,27.69,2.80,0.88,12.26,9.04,14.62,0.78,13.18,-2.03,73457,8.15,3.49,5.88,310338.5,12.65,11.2
2016,KARUR VYSYA BANK,Private,5.05,28.84,3.18,1.03,12.87,8.17,12.17,0.55,13.29,-2.58,31891,7.11,3.51,4.97,262290.1,12.48,10.37
2017,KARUR VYSYA BANK,Private,5.20,27.67,3.43,1.00,12.61,7.55,12.54,2.53,13.33,-1.73,43224,6.68,3.52,2.49,276547,12.53,10.67
2018,KARUR VYSYA BANK,Private,5.20,27.78,3.57,0.53,6.12,7.32,14.43,4.16,13.41,-1.59,52401,7.3,3.53,4.85,303526.2,12.62,10.87
2005,KOTAK MAHINDRA BANK LTD    ,Private,5.55,42.49,3.66,1.56,12.46,3.86,12.80,0.37,11.08,-4.92,13003,9.28,4.4,4.25,83535.9,11.33,9.47
2006,KOTAK MAHINDRA BANK LTD    ,Private,6.38,43.49,4.55,1.39,14.58,7.19,11.27,0.24,11.53,-3.68,15525,9.26,4.24,5.79,103090.5,11.54,9.65
2007,KOTAK MAHINDRA BANK LTD    ,Private,6.83,62.38,4.12,0.94,11.19,5.78,13.46,1.98,12.2,-4.12,14640,9.8,4.06,6.39,126414.1,11.75,9.59
2008,KOTAK MAHINDRA BANK LTD    ,Private,10.25,55.66,5.08,1.10,11.19,8.85,18.65,1.78,12.55,-3.73,43325,3.89,4.12,8.32,162904.2,12,10.68
2009,KOTAK MAHINDRA BANK LTD    ,Private,6.36,58.23,5.33,1.03,7.36,6.12,20.01,2.39,12.57,-5.81,8311,8.48,3.75,10.83,185295,12.13,9.03
2010,KOTAK MAHINDRA BANK LTD    ,Private,8.73,52.38,5.62,1.72,13.29,6.72,18.35,1.73,12.83,-4.08,50361,10.26,3.54,12.11,178751.4,12.09,10.83
2011,KOTAK MAHINDRA BANK LTD    ,Private,7.20,58.51,4.75,1.77,14.39,6.46,19.92,0.72,13.14,-3.6,41597,6.64,3.53,8.87,251136,12.43,10.64
2012,KOTAK MAHINDRA BANK LTD    ,Private,5.23,55.96,4.31,1.83,14.65,6.75,17.52,0.61,13.39,-3.28,39177,5.46,3.62,9.3,305963.9,12.63,10.58
2013,KOTAK MAHINDRA BANK LTD    ,Private,4.33,56.58,4.29,1.81,15.60,7.41,16.05,0.64,13.64,-4.06,46710,6.39,3.46,10.92,300400.7,12.61,10.75
2014,KOTAK MAHINDRA BANK LTD    ,Private,4.99,43.14,4.34,1.80,13.82,7.54,18.83,1.08,13.68,-4.49,26385,7.41,3.41,6.37,314415.7,12.66,10.18
2015,KOTAK MAHINDRA BANK LTD    ,Private,5.25,38.28,4.36,1.98,14.12,7.88,17.17,0.92,13.87,-3.63,73457,8.15,3.49,5.88,310338.5,12.65,11.2
2016,KOTAK MAHINDRA BANK LTD.,Private,4.98,36.97,4.63,1.19,10.97,8.65,16.34,1.06,14.47,-3.83,31891,7.11,3.51,4.97,262290.1,12.48,10.37
2017,KOTAK MAHINDRA BANK LTD.,Private,4.76,28.63,3.99,1.73,13.23,7.64,16.77,1.26,14.58,-3.19,43224,6.68,3.52,2.49,276547,12.53,10.67
2018,KOTAK MAHINDRA BANK LTD.,Private,4.62,33.51,3.98,1.73,12.55,7.17,18.22,0.98,14.79,-3.07,52401,7.3,3.53,4.85,303526.2,12.62,10.87
2005,LAKSHMI VILAS BANK,Private,7.40,33.78,2.71,0.08,1.46,8.54,11.32,4.98,10.61,-4.28,13003,9.28,4.4,4.25,83535.9,11.33,9.47
2006,LAKSHMI VILAS BANK,Private,4.61,29.51,2.35,0.53,8.63,7.75,10.79,1.89,10.8,-3.17,15525,9.26,4.24,5.79,103090.5,11.54,9.65
2007,LAKSHMI VILAS BANK,Private,5.70,26.08,2.22,0.33,5.12,6.89,12.43,1.58,10.97,-4.64,14640,9.8,4.06,6.39,126414.1,11.75,9.59
2008,LAKSHMI VILAS BANK,Private,6.86,30.14,2.01,0.41,6.21,6.87,12.73,1.55,11.09,-4.84,43325,3.89,4.12,8.32,162904.2,12,10.68
2009,LAKSHMI VILAS BANK,Private,8.04,25.31,2.07,0.71,11.54,7.09,10.29,1.24,11.33,-4.18,8311,8.48,3.75,10.83,185295,12.13,9.03
2010,LAKSHMI VILAS BANK,Private,8.27,32.87,2.65,0.33,5.14,7.54,14.82,4.11,11.56,-3.67,50361,10.26,3.54,12.11,178751.4,12.09,10.83
2011,LAKSHMI VILAS BANK,Private,8.46,31.56,3.07,0.91,12.40,7.07,13.19,0.90,11.8,-3.15,41597,6.64,3.53,8.87,251136,12.43,10.64
2012,LAKSHMI VILAS BANK,Private,5.74,31.14,2.52,0.73,11.56,8.19,13.10,1.74,11.99,-3.15,39177,5.46,3.62,9.3,305963.9,12.63,10.58
2013,LAKSHMI VILAS BANK,Private,4.66,27.69,2.32,0.54,9.28,7.82,12.32,2.43,12.08,-3.22,46710,6.39,3.46,10.92,300400.7,12.61,10.75
2014,LAKSHMI VILAS BANK,Private,6.42,30.63,2.54,0.32,5.77,7.64,10.90,3.44,12.24,-3.08,26385,7.41,3.41,6.37,314415.7,12.66,10.18
2015,LAKSHMI VILAS BANK,Private,5.21,27.55,2.32,0.61,10.14,8.18,11.34,1.85,12.42,-2.25,73457,8.15,3.49,5.88,310338.5,12.65,11.2
2016,LAKSHMI VILAS BANK,Private,5.06,25.74,2.42,0.69,10.86,8.25,10.67,1.18,12.57,-2.38,31891,7.11,3.51,4.97,262290.1,12.48,10.37
2017,LAKSHMI VILAS BANK,Private,4.76,28.32,2.45,0.83,13.13,7.60,10.38,1.76,12.77,-2.18,43224,6.68,3.52,2.49,276547,12.53,10.67
2018,LAKSHMI VILAS BANK,Private,5.10,32.33,2.09,-1.57,-26.20,7.14,9.81,5.66,12.91,-3.07,52401,7.3,3.53,4.85,303526.2,12.62,10.87
2005,ORIENTAL BANK OF COMMERCE,Public,13.48,38.33,3.21,2.01,24.19,9.52,9.21,1.29,13.2,-4.97,13003,9.28,4.4,4.25,83535.9,11.33,9.47
2006,ORIENTAL BANK OF COMMERCE,Public,8.49,33.50,2.84,1.39,13.11,9.19,11.04,0.49,13.29,-3.42,15525,9.26,4.24,5.79,103090.5,11.54,9.65
2007,ORIENTAL BANK OF COMMERCE,Public,8.34,30.95,2.55,1.21,10.78,8.73,12.51,0.49,13.51,-4.49,14640,9.8,4.06,6.39,126414.1,11.75,9.59
2008,ORIENTAL BANK OF COMMERCE,Public,9.40,30.76,2.03,1.02,6.21,8.43,12.12,0.99,13.72,-5.43,43325,3.89,4.12,8.32,162904.2,12,10.68
2009,ORIENTAL BANK OF COMMERCE,Public,6.99,28.96,1.96,0.88,13.51,8.17,12.98,0.65,13.93,-6.06,8311,8.48,3.75,10.83,185295,12.13,9.03
2010,ORIENTAL BANK OF COMMERCE,Public,6.72,29.76,2.33,0.91,14.51,7.66,12.54,0.87,14.13,-4.06,50361,10.26,3.54,12.11,178751.4,12.09,10.83
2011,ORIENTAL BANK OF COMMERCE,Public,6.84,35.63,2.80,1.03,15.55,7.26,14.23,0.98,14.29,-4.08,41597,6.64,3.53,8.87,251136,12.43,10.64
2012,ORIENTAL BANK OF COMMERCE,Public,5.43,33.41,2.49,0.67,9.91,7.22,12.69,2.21,14.39,-4.25,39177,5.46,3.62,9.3,305963.9,12.63,10.58
2013,ORIENTAL BANK OF COMMERCE,Public,4.65,33.29,2.49,0.71,10.74,6.97,12.04,2.27,14.51,-3.68,46710,6.39,3.46,10.92,300400.7,12.61,10.75
2014,ORIENTAL BANK OF COMMERCE,Public,5.16,31.77,2.44,0.56,8.70,7.18,11.01,2.82,14.61,-5.18,26385,7.41,3.41,6.37,314415.7,12.66,10.18
2015,ORIENTAL BANK OF COMMERCE,Public,4.99,30.41,2.26,0.23,3.65,6.99,11.41,3.34,14.65,-4.7,73457,8.15,3.49,5.88,310338.5,12.65,11.2
2016,ORIENTAL BANK OF COMMERCE,Public,4.52,31.70,2.29,0.07,1.09,7.58,11.76,6.70,14.69,-5.05,31891,7.11,3.51,4.97,262290.1,12.48,10.37
2017,ORIENTAL BANK OF COMMERCE,Public,4.93,27.00,1.99,-0.46,-7.53,8.01,11.64,8.96,14.74,-3.67,43224,6.68,3.52,2.49,276547,12.53,10.67
2018,ORIENTAL BANK OF COMMERCE,Public,5.91,33.71,1.85,-2.31,-45.33,7.46,10.50,10.48,14.66,-4.34,52401,7.3,3.53,4.85,303526.2,12.62,10.87
2005,PUNJAB NATIONAL BANK          ,Public,9.17,49.12,3.51,1.17,21.41,8.56,14.78,0.20,14.05,-4.91,13003,9.28,4.4,4.25,83535.9,11.33,9.47
2006,PUNJAB NATIONAL BANK          ,Public,19.55,34.30,3.44,1.09,16.41,8.79,11.95,0.29,14.19,-2.85,15525,9.26,4.24,5.79,103090.5,11.54,9.65
2007,PUNJAB NATIONAL BANK          ,Public,8.85,32.31,3.39,1.03,15.55,7.63,12.29,0.76,14.3,-3.8,14640,9.8,4.06,6.39,126414.1,11.75,9.59
2008,PUNJAB NATIONAL BANK          ,Public,9.17,32.44,3.06,1.15,18.01,7.28,13.46,0.64,14.5,-4.89,43325,3.89,4.12,8.32,162904.2,12,10.68
2009,PUNJAB NATIONAL BANK          ,Public,8.13,30.22,3.06,1.39,22.92,7.27,14.03,0.17,14.72,-5.61,8311,8.48,3.75,10.83,185295,12.13,9.03
2010,PUNJAB NATIONAL BANK          ,Public,7.35,31.17,3.12,1.44,24.12,6.46,14.16,0.53,14.9,-3.19,50361,10.26,3.54,12.11,178751.4,12.09,10.83
2011,PUNJAB NATIONAL BANK          ,Public,7.60,30.41,3.50,1.34,22.60,6.52,12.42,0.85,15.15,-2.4,41597,6.64,3.53,8.87,251136,12.43,10.64
2012,PUNJAB NATIONAL BANK          ,Public,4.87,32.33,3.21,1.19,19.80,7.10,12.63,1.52,15.34,-3.65,39177,5.46,3.62,9.3,305963.9,12.63,10.58
2013,PUNJAB NATIONAL BANK          ,Public,4.57,33.17,3.17,1.00,15.70,7.55,12.72,2.35,15.38,-3.06,46710,6.39,3.46,10.92,300400.7,12.61,10.75
2014,PUNJAB NATIONAL BANK          ,Public,4.93,31.85,3.14,0.64,9.75,7.50,11.52,2.85,15.52,-4.55,26385,7.41,3.41,6.37,314415.7,12.66,10.18
2015,PUNJAB NATIONAL BANK          ,Public,4.83,29.89,2.87,0.53,8.17,7.22,12.21,4.06,15.61,-3.49,73457,8.15,3.49,5.88,310338.5,12.65,11.2
2016,PUNJAB NATIONAL BANK          ,Public,4.79,28.54,2.41,-0.61,-10.27,7.82,11.28,8.61,15.71,-4.13,31891,7.11,3.51,4.97,262290.1,12.48,10.37
2017,PUNJAB NATIONAL BANK          ,Public,4.05,30.03,2.16,0.19,3.30,7.30,11.66,7.81,15.79,-3.47,43224,6.68,3.52,2.49,276547,12.53,10.67
2018,PUNJAB NATIONAL BANK          ,Public,4.48,31.19,2.01,-1.60,-29.54,7.21,9.20,11.24,15.85,-3.94,52401,7.3,3.53,4.85,303526.2,12.62,10.87
2005,SBIN,Public,4.58,53.70,3.21,0.99,19.43,8.37,12.45,2.65,15.34,-3.82,13003,9.28,4.4,4.25,83535.9,11.33,9.47
2006,SBIN,Public,5.70,42.77,3.27,0.89,17.04,7.77,11.88,1.88,15.41,-2.5,15525,9.26,4.24,5.79,103090.5,11.54,9.65
2007,SBIN,Public,6.68,34.25,2.84,0.84,15.41,6.71,12.34,1.56,15.55,-3.85,14640,9.8,4.06,6.39,126414.1,11.75,9.59
2008,SBIN,Public,9.59,35.26,2.64,1.01,16.75,7.05,13.54,1.78,15.79,-4.35,43325,3.89,4.12,8.32,162904.2,12,10.68
2009,SBIN,Public,7.49,37.19,2.48,1.04,17.05,6.69,14.25,1.79,16.08,-6.05,8311,8.48,3.75,10.83,185295,12.13,9.03
2010,SBIN,Public,7.62,36.78,2.35,0.88,14.80,6.20,13.39,1.72,16.17,-3.47,50361,10.26,3.54,12.11,178751.4,12.09,10.83
2011,SBIN,Public,10.11,31.65,2.86,0.71,12.62,6.71,11.98,1.63,16.32,-3.37,41597,6.64,3.53,8.87,251136,12.43,10.64
2012,SBIN,Public,5.18,29.91,3.38,0.88,15.72,7.88,13.86,1.82,16.41,-3.65,39177,5.46,3.62,9.3,305963.9,12.63,10.58
2013,SBIN,Public,5.47,29.17,3.06,0.97,15.43,8.20,12.92,2.10,16.57,-3.3,46710,6.39,3.46,10.92,300400.7,12.61,10.75
2014,SBIN,Public,6.09,28.60,2.93,0.65,10.03,8.52,12.44,2.57,16.7,-2.89,26385,7.41,3.41,6.37,314415.7,12.66,10.18
2015,SBIN,Public,7.35,30.55,2.86,0.68,10.62,8.03,12.00,2.12,16.83,-2.63,73457,8.15,3.49,5.88,310338.5,12.65,11.2
2016,SBIN,Public,7.49,33.26,2.60,0.46,7.30,8.00,13.12,3.81,16.98,-3.36,31891,7.11,3.51,4.97,262290.1,12.48,10.37
2017,SBIN,Public,6.26,37.46,2.44,0.41,6.31,7.19,13.11,3.71,17.11,-2.67,43224,6.68,3.52,2.49,276547,12.53,10.67
2018,SBIN,Public,5.56,39.20,2.43,-0.19,-3.21,7.70,12.60,5.73,17.36,-2.63,52401,7.3,3.53,4.85,303526.2,12.62,10.87
2005,SOUTH INDIAN BANK,Private,5.10,36.90,2.74,0.09,2.05,7.26,9.89,3.81,11.46,-5.4,13003,9.28,4.4,4.25,83535.9,11.33,9.47
2006,SOUTH INDIAN BANK,Private,5.70,28.60,3.06,0.53,9.29,6.37,13.02,1.86,11.59,-3.68,15525,9.26,4.24,5.79,103090.5,11.54,9.65
2007,SOUTH INDIAN BANK,Private,5.72,28.03,3.00,0.88,15.26,7.09,11.08,0.98,11.82,-3.51,14640,9.8,4.06,6.39,126414.1,11.75,9.59
2008,SOUTH INDIAN BANK,Private,6.42,30.17,2.45,1.01,16.09,6.82,13.80,0.33,12.05,-4.69,43325,3.89,4.12,8.32,162904.2,12,10.68
2009,SOUTH INDIAN BANK,Private,5.51,33.58,2.79,1.09,15.80,6.74,14.76,1.13,12.22,-5,8311,8.48,3.75,10.83,185295,12.13,9.03
2010,SOUTH INDIAN BANK,Private,6.04,31.10,2.48,1.07,16.76,5.71,15.39,0.39,12.45,-3.83,50361,10.26,3.54,12.11,178751.4,12.09,10.83
2011,SOUTH INDIAN BANK,Private,6.15,30.03,2.71,1.05,17.56,5.99,14.01,0.29,12.7,-2.86,41597,6.64,3.53,8.87,251136,12.43,10.64
2012,SOUTH INDIAN BANK,Private,4.31,25.75,2.79,1.12,19.99,6.78,14.00,0.28,12.91,-2.7,39177,5.46,3.62,9.3,305963.9,12.63,10.58
2013,SOUTH INDIAN BANK,Private,3.83,28.29,2.84,1.17,19.41,6.81,13.91,0.78,13.12,-2.7,46710,6.39,3.46,10.92,300400.7,12.61,10.75
2014,SOUTH INDIAN BANK,Private,4.63,30.22,2.67,1.00,15.92,7.10,12.42,0.78,13.22,-2.4,26385,7.41,3.41,6.37,314415.7,12.66,10.18
2015,SOUTH INDIAN BANK,Private,4.70,27.13,2.39,0.56,8.82,6.65,12.01,0.96,13.29,-3.12,73457,8.15,3.49,5.88,310338.5,12.65,11.2
2016,SOUTH INDIAN BANK,Private,4.44,26.46,2.46,0.55,8.96,6.99,11.82,2.89,13.36,-2.75,31891,7.11,3.51,4.97,262290.1,12.48,10.37
2017,SOUTH INDIAN BANK,Private,4.66,29.39,2.43,0.57,9.03,7.22,12.37,1.45,13.52,-2.57,43224,6.68,3.52,2.49,276547,12.53,10.67
2018,SOUTH INDIAN BANK,Private,4.52,25.49,2.50,0.43,6.64,6.72,12.70,2.60,13.63,-3.18,52401,7.3,3.53,4.85,303526.2,12.62,10.87
2005,SYNDICATE BANK                ,Public,5.81,44.00,3.41,0.82,19.64,8.20,10.70,1.59,13.16,-4.29,13003,9.28,4.4,4.25,83535.9,11.33,9.47
2006,SYNDICATE BANK                ,Public,5.87,32.20,3.32,0.91,21.32,6.51,11.73,0.86,13.32,-3.54,15525,9.26,4.24,5.79,103090.5,11.54,9.65
2007,SYNDICATE BANK                ,Public,8.36,32.09,2.86,0.91,22.17,8.02,11.74,0.76,13.7,-5.42,14640,9.8,4.06,6.39,126414.1,11.75,9.59
2008,SYNDICATE BANK                ,Public,10.90,29.50,2.11,0.88,21.42,7.77,11.82,0.97,13.88,-5.14,43325,3.89,4.12,8.32,162904.2,12,10.68
2009,SYNDICATE BANK                ,Public,10.82,26.35,2.15,0.81,19.63,6.92,12.68,0.77,14.08,-4,8311,8.48,3.75,10.83,185295,12.13,9.03
2010,SYNDICATE BANK                ,Public,6.14,28.21,2.03,0.62,15.29,7.14,12.70,1.07,14.15,-3.56,50361,10.26,3.54,12.11,178751.4,12.09,10.83
2011,SYNDICATE BANK                ,Public,7.70,25.86,2.97,0.76,16.53,6.49,13.04,0.97,14.26,-3.65,41597,6.64,3.53,8.87,251136,12.43,10.64
2012,SYNDICATE BANK                ,Public,5.58,25.84,3.00,0.81,16.32,7.21,12.24,0.96,14.42,-4.04,39177,5.46,3.62,9.3,305963.9,12.63,10.58
2013,SYNDICATE BANK                ,Public,4.37,24.63,2.74,1.07,20.47,7.47,12.59,0.76,14.58,-3.62,46710,6.39,3.46,10.92,300400.7,12.61,10.75
2014,SYNDICATE BANK                ,Public,5.99,26.16,2.37,0.78,15.29,7.48,11.41,1.56,14.74,-4.71,26385,7.41,3.41,6.37,314415.7,12.66,10.18
2015,SYNDICATE BANK                ,Public,4.69,27.15,1.99,0.58,12.23,7.83,10.54,1.90,14.92,-4.5,73457,8.15,3.49,5.88,310338.5,12.65,11.2
2016,SYNDICATE BANK                ,Public,5.10,26.22,1.96,-0.56,-12.94,7.66,11.16,4.48,14.94,-4.33,31891,7.11,3.51,4.97,262290.1,12.48,10.37
2017,SYNDICATE BANK                ,Public,5.03,25.12,2.07,0.12,2.71,7.95,12.03,5.21,14.91,-3.63,43224,6.68,3.52,2.49,276547,12.53,10.67
2018,SYNDICATE BANK                ,Public,4.28,29.46,2.10,-1.05,-22.13,7.13,12.24,6.28,14.99,-4.44,52401,7.3,3.53,4.85,303526.2,12.62,10.87
2005,UCO BANK,Public,6.02,38.54,2.86,0.73,17.86,8.08,11.26,2.93,13.21,-4.33,13003,9.28,4.4,4.25,83535.9,11.33,9.47
2006,UCO BANK,Public,3.73,36.00,2.69,0.34,8.68,8.05,11.12,2.10,13.33,-2.51,15525,9.26,4.24,5.79,103090.5,11.54,9.65
2007,UCO BANK,Public,5.85,30.10,2.32,0.47,12.34,7.51,11.56,2.14,13.53,-3.66,14640,9.8,4.06,6.39,126414.1,11.75,9.59
2008,UCO BANK,Public,7.14,30.35,1.81,0.52,14.75,7.18,11.02,1.98,13.71,-5.58,43325,3.89,4.12,8.32,162904.2,12,10.68
2009,UCO BANK,Public,6.57,29.32,1.63,0.59,16.20,6.54,11.93,1.18,13.93,-5.25,8311,8.48,3.75,10.83,185295,12.13,9.03
2010,UCO BANK,Public,5.92,35.55,1.87,0.87,22.08,6.00,13.21,1.17,14.13,-3.77,50361,10.26,3.54,12.11,178751.4,12.09,10.83
2011,UCO BANK,Public,7.16,29.55,2.56,0.66,14.36,6.25,13.71,1.84,14.31,-3.15,41597,6.64,3.53,8.87,251136,12.43,10.64
2012,UCO BANK,Public,5.07,29.72,2.27,0.69,13.83,7.12,12.35,1.96,14.41,-3.98,39177,5.46,3.62,9.3,305963.9,12.63,10.58
2013,UCO BANK,Public,3.29,30.12,2.42,0.33,6.76,7.42,14.15,3.17,14.5,-3.51,46710,6.39,3.46,10.92,300400.7,12.61,10.75
2014,UCO BANK,Public,4.03,33.80,2.77,0.70,14.45,7.33,12.68,2.38,14.69,-5.11,26385,7.41,3.41,6.37,314415.7,12.66,10.18
2015,UCO BANK,Public,3.86,29.96,2.29,0.48,9.57,7.52,12.17,4.30,14.72,-4.68,73457,8.15,3.49,5.88,310338.5,12.65,11.2
2016,UCO BANK,Public,3.84,40.54,1.98,-1.25,-22.33,7.64,9.63,9.09,14.71,-4.65,31891,7.11,3.51,4.97,262290.1,12.48,10.37
2017,UCO BANK,Public,4.37,36.77,1.60,-0.75,-14.64,7.26,10.93,8.94,14.65,-2.64,43224,6.68,3.52,2.49,276547,12.53,10.67
2018,UCO BANK,Public,4.47,39.02,1.40,-1.88,-32.02,7.14,10.94,13.10,14.59,-3.23,52401,7.3,3.53,4.85,303526.2,12.62,10.87
2005,UNION BANK OF INDIA,Public,5.90,36.86,3.16,1.10,21.46,8.33,12.09,2.64,13.49,-5.75,13003,9.28,4.4,4.25,83535.9,11.33,9.47
2006,UNION BANK OF INDIA,Public,5.92,34.98,2.94,0.84,16.52,8.02,11.41,1.56,13.7,-3.41,15525,9.26,4.24,5.79,103090.5,11.54,9.65
2007,UNION BANK OF INDIA,Public,6.95,32.85,2.91,0.92,17.34,7.84,12.80,0.96,13.84,-4.4,14640,9.8,4.06,6.39,126414.1,11.75,9.59
2008,UNION BANK OF INDIA,Public,9.10,32.57,2.52,1.26,22.13,7.39,12.51,0.17,14.03,-5.01,43325,3.89,4.12,8.32,162904.2,12,10.68
2009,UNION BANK OF INDIA,Public,6.48,31.00,2.68,1.27,21.46,7.37,13.27,0.34,14.29,-4.84,8311,8.48,3.75,10.83,185295,12.13,9.03
2010,UNION BANK OF INDIA,Public,7.33,31.99,2.35,1.25,21.65,7.15,12.51,0.81,14.48,-3.24,50361,10.26,3.54,12.11,178751.4,12.09,10.83
2011,UNION BANK OF INDIA,Public,8.70,28.84,2.88,1.05,17.96,7.10,12.95,1.19,14.67,-3.12,41597,6.64,3.53,8.87,251136,12.43,10.64
2012,UNION BANK OF INDIA,Public,5.22,27.98,2.73,0.79,13.05,7.57,11.85,1.70,14.78,-4.11,39177,5.46,3.62,9.3,305963.9,12.63,10.58
2013,UNION BANK OF INDIA,Public,4.08,30.65,2.63,0.79,13.52,7.92,11.45,1.61,14.95,-3.53,46710,6.39,3.46,10.92,300400.7,12.61,10.75
2014,UNION BANK OF INDIA,Public,6.19,31.49,2.37,0.52,9.48,8.33,10.80,2.33,15.08,-5.71,26385,7.41,3.41,6.37,314415.7,12.66,10.18
2015,UNION BANK OF INDIA,Public,4.75,26.66,2.30,0.49,9.32,8.06,10.22,2.71,15.15,-4.67,73457,8.15,3.49,5.88,310338.5,12.65,11.2
2016,UNION BANK OF INDIA,Public,4.55,26.03,2.11,0.35,6.34,8.68,10.56,5.25,15.21,-4.71,31891,7.11,3.51,4.97,262290.1,12.48,10.37
2017,UNION BANK OF INDIA,Public,4.39,29.83,2.08,0.13,2.37,8.64,11.79,6.57,15.33,-3.52,43224,6.68,3.52,2.49,276547,12.53,10.67
2018,UNION BANK OF INDIA,Public,5.14,30.30,1.98,-1.07,-21.39,7.44,11.50,8.42,15.4,-4.3,52401,7.3,3.53,4.85,303526.2,12.62,10.87
2005,VIJAYA BANK                   ,Public,5.00,47.11,3.70,1.43,26.02,7.82,12.92,0.59,12.59,-5.12,13003,9.28,4.4,4.25,83535.9,11.33,9.47
2006,VIJAYA BANK                   ,Public,8.12,40.35,3.20,0.45,7.79,8.02,11.94,0.85,12.66,-2.8,15525,9.26,4.24,5.79,103090.5,11.54,9.65
2007,VIJAYA BANK                   ,Public,9.04,31.96,2.90,0.92,18.58,8.12,11.21,0.59,12.96,-4.64,14640,9.8,4.06,6.39,126414.1,11.75,9.59
2008,VIJAYA BANK                   ,Public,11.81,34.65,1.68,0.75,16.59,7.65,11.22,0.57,13.24,-4.89,43325,3.89,4.12,8.32,162904.2,12,10.68
2009,VIJAYA BANK                   ,Public,10.51,31.88,1.90,0.59,9.36,7.74,13.15,0.82,13.34,-4.36,8311,8.48,3.75,10.83,185295,12.13,9.03
2010,VIJAYA BANK                   ,Public,6.62,34.08,2.19,0.76,15.32,6.66,12.50,1.40,13.46,-3.65,50361,10.26,3.54,12.11,178751.4,12.09,10.83
2011,VIJAYA BANK                   ,Public,6.66,34.32,2.56,0.72,12.63,6.97,13.88,1.52,13.62,-3.22,41597,6.64,3.53,8.87,251136,12.43,10.64
2012,VIJAYA BANK                   ,Public,5.47,34.49,2.14,0.66,11.54,6.96,13.06,1.72,13.77,-3.53,39177,5.46,3.62,9.3,305963.9,12.63,10.58
2013,VIJAYA BANK                   ,Public,4.04,32.25,1.82,0.59,10.83,7.20,11.32,1.30,13.92,-3.27,46710,6.39,3.46,10.92,300400.7,12.61,10.75
2014,VIJAYA BANK                   ,Public,4.46,34.26,1.68,0.35,7.27,7.05,10.56,1.55,14.13,-3.35,26385,7.41,3.41,6.37,314415.7,12.66,10.18
2015,VIJAYA BANK                   ,Public,5.17,32.26,1.64,0.33,7.29,7.57,11.43,1.92,14.17,-3,73457,8.15,3.49,5.88,310338.5,12.65,11.2
2016,VIJAYA BANK                   ,Public,5.00,33.36,1.92,0.28,5.54,7.16,12.58,4.80,14.19,-2.55,31891,7.11,3.51,4.97,262290.1,12.48,10.37
2017,VIJAYA BANK                   ,Public,4.34,33.40,2.34,0.49,9.51,7.79,12.73,4.36,14.25,-2.84,43224,6.68,3.52,2.49,276547,12.53,10.67
2018,VIJAYA BANK                   ,Public,2.74,25.12,2.59,0.44,7.74,7.35,13.90,4.32,14.39,-3.63,52401,7.3,3.53,4.85,303526.2,12.62,10.87
