bank,year,VaR,cd,id,int_tota,roa,roe,roi,car,npa_adv
1,2005,-0.038154522,4.58,53.70,3.21,0.99,19.43,8.37,12.45,2.65
1,2006,-0.024968851,5.70,42.77,3.27,0.89,17.04,7.77,11.88,1.88
1,2007,-0.038497679,6.68,34.25,2.84,0.84,15.41,6.71,12.34,1.56
1,2008,-0.04349105,9.59,35.26,2.64,1.01,16.75,7.05,13.54,1.78
1,2009,-0.06047852,7.49,37.19,2.48,1.04,17.05,6.69,14.25,1.79
1,2010,-0.034748602,7.62,36.78,2.35,0.88,14.80,6.20,13.39,1.72
1,2011,-0.033736049,10.11,31.65,2.86,0.71,12.62,6.71,11.98,1.63
1,2012,-0.036518641,5.18,29.91,3.38,0.88,15.72,7.88,13.86,1.82
1,2013,-0.033018862,5.47,29.17,3.06,0.97,15.43,8.20,12.92,2.10
1,2014,-0.028899558,6.09,28.60,2.93,0.65,10.03,8.52,12.44,2.57
1,2015,-0.026281131,7.35,30.55,2.86,0.68,10.62,8.03,12.00,2.12
1,2016,-0.03355524,7.49,33.26,2.60,0.46,7.30,8.00,13.12,3.81
1,2017,-0.026676591,6.26,37.46,2.44,0.41,6.31,7.19,13.11,3.71
1,2018,-0.026265446,5.56,39.20,2.43,-0.19,-3.21,7.70,12.60,5.73
2,2005,-0.047804291,3.33,45.58,3.31,0.75,12.58,7.96,12.61,1.89
2,2006,-0.038601024,3.56,37.49,3.05,0.79,12.28,8.05,13.65,0.87
2,2007,-0.037218591,5.13,27.97,2.79,0.80,12.45,7.31,11.80,0.60
2,2008,-0.051869666,6.16,28.86,2.42,0.89,14.58,6.95,12.94,0.47
2,2009,-0.052351166,5.51,27.26,2.52,1.09,18.62,6.87,14.05,0.31
2,2010,-0.034127159,5.61,25.36,2.35,1.21,21.86,6.43,14.36,0.34
2,2011,-0.024273664,6.50,23.38,2.76,1.33,23.47,7.20,14.52,0.35
2,2012,-0.035736933,5.63,21.62,2.56,1.24,20.64,8.00,14.67,0.54
2,2013,-0.029321844,2.84,25.62,2.28,0.90,15.07,7.32,13.30,1.28
2,2014,-0.0473815,3.27,20.41,1.98,0.75,13.36,7.32,12.28,1.52
2,2015,-0.033221471,3.64,18.92,1.92,0.49,8.96,8.10,12.61,1.89
2,2016,-0.042233963,3.78,20.98,1.84,-0.78,-13.48,9.00,13.18,5.06
2,2017,-0.0334791,3.79,21.54,1.98,0.20,3.44,8.47,12.24,4.72
2,2018,-0.035408252,3.84,27.60,2.19,-0.34,-5.81,7.12,12.13,5.49
3,2005,-0.041942662,4.95,36.39,2.49,0.38,8.03,7.62,11.52,2.80
3,2006,-0.040371715,5.95,33.83,2.54,0.68,14.85,7.15,10.75,1.49
3,2007,-0.05023447,6.00,29.61,2.71,0.88,20.65,6.59,11.75,0.95
3,2008,-0.061202991,7.83,27.87,2.64,1.25,24.38,6.83,12.04,0.52
3,2009,-0.062820881,4.70,27.73,2.72,1.49,24.97,7.14,13.01,0.44
3,2010,-0.040448193,6.79,29.20,2.30,0.70,12.56,7.46,12.94,1.31
3,2011,-0.034534726,7.29,28.73,2.49,0.82,15.79,6.76,12.17,0.91
3,2012,-0.042622024,4.71,27.26,2.26,0.72,14.00,8.27,11.95,1.47
3,2013,-0.035589923,5.75,24.78,2.16,0.65,12.25,8.01,11.02,2.06
3,2014,-0.054419223,4.00,23.93,2.11,0.51,10.14,8.05,9.97,2.00
3,2015,-0.046057809,5.11,22.52,1.91,0.27,5.57,8.07,10.73,3.36
3,2016,-0.04151306,6.62,23.17,1.91,0.94,-19.50,7.50,12.01,7.79
3,2017,-0.032582192,5.06,23.67,1.91,-0.24,-5.04,7.35,12.14,6.90
3,2018,-0.041621144,6.02,26.32,1.70,-0.91,-18.23,6.91,12.94,8.28
5,2005,-0.053642677,7.53,38.64,3.58,1.59,31.62,7.85,12.11,0.28
5,2006,-0.029373197,11.38,33.74,3.19,1.38,20.52,7.16,14.00,0.24
5,2007,-0.034371735,7.11,34.50,3.21,1.31,17.78,6.96,11.33,0.17
5,2008,-0.048423009,9.92,30.14,2.57,1.16,17.97,6.63,11.61,0.15
5,2009,-0.042881222,8.17,28.47,2.60,1.09,18.94,6.91,13.22,0.18
5,2010,-0.031464761,8.62,26.88,2.76,1.39,25.96,6.29,13.93,0.17
5,2011,-0.029465981,7.80,26.26,3.23,1.36,23.24,6.83,14.38,0.38
5,2012,-0.037711419,5.26,27.99,3.22,1.19,19.25,7.33,13.18,0.91
5,2013,-0.033404255,4.86,30.40,2.77,0.99,16.19,7.36,11.76,2.45
5,2014,-0.035918469,5.58,31.98,2.38,0.29,5.07,7.25,10.78,3.11
5,2015,-0.042523878,4.85,29.55,2.57,0.38,6.79,7.58,10.63,2.93
5,2016,-0.036429956,5.04,30.90,2.76,0.28,5.13,7.78,11.58,4.61
5,2017,-0.03652424,4.77,30.54,2.62,0.08,1.56,7.45,12.38,7.57
5,2018,-0.04081228,4.76,31.13,2.72,-1.46,-30.76,7.21,11.00,8.48
6,2005,-0.043051278,5.15,39.31,3.01,1.01,19.53,8.28,12.78,1.88
6,2006,-0.031397447,6.78,31.66,2.95,1.13,20.29,7.61,11.22,1.12
6,2007,-0.053092369,6.39,31.76,2.70,0.98,16.25,8.09,13.50,0.94
6,2008,-0.050121989,8.67,32.33,2.04,0.92,15.01,8.03,13.25,0.84
6,2009,-0.047969896,5.37,30.91,2.36,1.06,18.25,7.62,14.10,1.09
6,2010,-0.037300089,6.70,29.69,2.35,1.30,22.48,7.18,13.43,1.06
6,2011,-0.034447123,7.50,28.50,2.56,1.42,23.20,7.36,15.38,1.10
6,2012,-0.039313753,5.44,31.21,2.17,0.95,15.36,7.59,13.76,1.46
6,2013,-0.03527299,4.33,34.04,2.00,0.77,12.08,8.17,12.40,2.18
6,2014,-0.049603036,5.27,30.15,1.98,0.54,8.95,8.27,10.63,1.98
6,2015,-0.042030543,4.64,29.98,1.86,0.55,8.79,7.92,10.56,2.65
6,2016,-0.040860292,4.31,29.66,1.77,-0.52,-8.86,8.02,11.08,6.42
6,2017,-0.037845416,4.02,30.34,1.74,0.20,3.44,7.32,12.86,6.33
6,2018,-0.04173064,4.21,27.45,2.03,-0.75,-12.19,7.08,13.22,7.48
7,2005,-0.044802076,7.05,37.68,3.58,1.12,13.81,8.40,16.23,1.12
7,2006,-0.035878604,4.99,32.40,3.30,1.24,13.82,8.16,13.92,0.64
7,2007,-0.052633064,7.04,34.04,2.81,1.17,15.02,6.62,12.76,0.47
7,2008,-0.046134711,12.82,31.26,2.42,1.29,18.39,6.79,12.09,0.32
7,2009,-0.045159793,7.56,33.71,2.20,1.24,19.57,7.13,13.61,0.29
7,2010,-0.029803202,9.53,37.23,1.92,1.28,21.93,6.00,15.37,0.31
7,2011,-0.026819926,6.97,37.22,2.30,1.21,21.89,5.97,14.11,0.46
7,2012,-0.02432835,6.82,34.87,2.05,1.06,19.54,6.75,13.00,0.87
7,2013,-0.016652827,5.33,35.04,1.92,0.88,16.08,6.50,12.33,1.19
7,2014,-0.028864352,7.10,34.23,1.82,0.29,5.72,6.82,11.65,2.32
7,2015,-0.027922218,5.09,26.74,1.82,0.28,5.68,6.97,11.09,3.08
7,2016,-0.033301521,4.92,30.84,1.84,-0.23,-4.64,7.22,10.56,6.53
7,2017,-0.026988487,7.93,29.05,1.84,0.23,4.66,8.12,11.32,8.33
7,2018,-0.036246435,6.08,38.38,2.06,-1.67,-34.42,7.68,9.23,11.74
8,2005,-0.042361773,7.13,46.40,2.97,0.26,5.65,8.35,11.91,5.23
8,2006,-0.032579983,7.14,36.28,2.86,0.29,5.98,7.82,10.62,3.04
8,2007,-0.048329291,7.07,33.35,2.95,0.71,14.22,7.47,11.52,1.99
8,2008,-0.056639359,10.41,30.29,2.45,1.06,21.82,7.09,11.09,0.94
8,2009,-0.052246466,11.57,28.97,2.44,1.02,21.29,7.28,12.07,1.09
8,2010,-0.046708786,8.48,30.57,2.07,1.01,21.43,6.82,12.77,1.21
8,2011,-0.039152311,7.35,29.23,2.75,1.00,19.55,6.92,13.41,1.22
8,2012,-0.03854177,6.73,29.84,2.66,1.08,19.75,7.39,11.51,1.01
8,2013,-0.035477027,8.89,35.33,2.37,0.86,15.83,7.04,11.03,1.39
8,2014,-0.04758651,5.67,33.28,2.10,0.51,8.55,7.21,11.14,2.35
8,2015,-0.035813159,7.84,28.26,1.92,0.22,3.64,7.33,10.93,3.82
8,2016,-0.028039236,4.55,30.00,1.88,-1.02,-12.83,7.67,11.00,6.35
8,2017,-0.027195751,5.28,34.87,1.83,-0.67,-11.65,7.75,11.39,10.66
8,2018,-0.033203921,5.55,35.44,1.98,-1.59,-22.78,6.93,11.09,11.95
9,2005,-0.044802076,7.05,37.68,3.58,1.12,13.81,8.40,16.23,1.12
9,2006,-0.035878604,4.99,32.40,3.30,1.24,13.82,8.16,13.92,0.64
9,2007,-0.052633064,7.04,34.04,2.81,1.17,15.02,6.62,12.76,0.47
9,2008,-0.046134711,12.82,31.26,2.42,1.29,18.39,6.79,12.09,0.32
9,2009,-0.045159793,7.56,33.71,2.20,1.24,19.57,7.13,13.61,0.29
9,2010,-0.029803202,9.53,37.23,1.92,1.28,21.93,6.00,15.37,0.31
9,2011,-0.026819926,6.97,37.22,2.30,1.21,21.89,5.97,14.11,0.46
9,2012,-0.02432835,6.82,34.87,2.05,1.06,19.54,6.75,13.00,0.87
9,2013,-0.016652827,5.33,35.04,1.92,0.88,16.08,6.50,12.33,1.19
9,2014,-0.028864352,7.10,34.23,1.82,0.29,5.72,6.82,11.65,2.32
9,2015,-0.027922218,5.09,26.74,1.82,0.28,5.68,6.97,11.09,3.08
9,2016,-0.033301521,4.92,30.84,1.84,-0.23,-4.64,7.22,10.56,6.53
9,2017,-0.026988487,7.93,29.05,1.84,0.23,4.66,8.12,11.32,8.33
9,2018,-0.036246435,6.08,38.38,2.06,-1.67,-34.42,7.68,9.23,11.74
10,2005,-0.042361773,7.13,46.40,2.97,0.26,5.65,8.35,11.91,5.23
10,2006,-0.032579983,7.14,36.28,2.86,0.29,5.98,7.82,10.62,3.04
10,2007,-0.048329291,7.07,33.35,2.95,0.71,14.22,7.47,11.52,1.99
10,2008,-0.056639359,10.41,30.29,2.45,1.06,21.82,7.09,11.09,0.94
10,2009,-0.052246466,11.57,28.97,2.44,1.02,21.29,7.28,12.07,1.09
10,2010,-0.046708786,8.48,30.57,2.07,1.01,21.43,6.82,12.77,1.21
10,2011,-0.039152311,7.35,29.23,2.75,1.00,19.55,6.92,13.41,1.22
10,2012,-0.03854177,6.73,29.84,2.66,1.08,19.75,7.39,11.51,1.01
10,2013,-0.035477027,8.89,35.33,2.37,0.86,15.83,7.04,11.03,1.39
10,2014,-0.04758651,5.67,33.28,2.10,0.51,8.55,7.21,11.14,2.35
10,2015,-0.035813159,7.84,28.26,1.92,0.22,3.64,7.33,10.93,3.82
10,2016,-0.028039236,4.55,30.00,1.88,-1.02,-12.83,7.67,11.00,6.35
10,2017,-0.027195751,5.28,34.87,1.83,-0.67,-11.65,7.75,11.39,10.66
10,2018,-0.033203921,5.55,35.44,1.98,-1.59,-22.78,6.93,11.09,11.95
11,2005,-0.057114484,15.73,165.90,0.23,0.78,5.18,1.58,15.51,1.74
11,2006,-0.039152502,10.31,97.50,0.45,0.68,9.12,3.35,14.80,1.01
11,2007,-0.056750563,12.47,59.22,0.68,0.67,8.59,3.91,13.73,1.12
11,2008,-0.062262462,9.17,44.94,0.58,0.67,8.52,4.69,11.95,1.30
11,2009,-0.056324995,7.64,44.53,0.82,0.62,9.41,5.30,11.57,0.92
11,2010,-0.046876489,8.29,43.74,1.11,0.53,10.53,6.85,11.31,1.02
11,2011,-0.037569344,10.84,37.83,1.75,0.73,13.35,6.71,13.64,1.06
11,2012,-0.038681179,7.17,39.51,1.67,0.83,11.95,6.99,14.58,1.61
11,2013,-0.030271432,4.64,43.50,1.75,0.72,9.26,5.86,13.13,1.58
11,2014,-0.034459517,5.39,44.01,1.85,0.41,5.00,6.00,11.68,2.48
11,2015,-0.046706203,5.06,37.60,1.68,0.29,3.64,6.22,11.76,2.88
11,2016,-0.045546497,5.20,35.00,1.66,-1.09,-14.08,6.24,11.67,6.78
11,2017,-0.029392553,4.97,34.61,1.56,-1.37,-20.52,7.07,10.70,13.21
11,2018,-0.05135915,5.31,36.95,1.58,-2.46,-37.64,6.39,10.41,16.69
12,2005,-0.053826368,9.44,42.98,3.78,1.28,27.98,9.04,14.20,1.27
12,2006,-0.033611974,6.09,37.51,3.75,1.32,27.23,8.81,13.04,0.65
12,2007,-0.05228087,6.82,34.88,3.62,1.36,28.14,7.94,13.27,0.55
12,2008,-0.047766352,10.82,33.77,2.66,1.30,27.15,7.65,11.93,0.60
12,2009,-0.063521784,5.93,31.18,2.57,1.17,22.07,7.23,13.20,1.33
12,2010,-0.042529274,6.92,33.98,2.51,0.53,9.63,6.92,14.78,2.52
12,2011,-0.033091624,6.89,33.47,2.72,0.71,12.73,6.88,14.55,1.19
12,2012,-0.038318096,5.72,31.14,2.52,0.52,9.88,7.57,13.32,1.35
12,2013,-0.029136271,4.87,30.38,2.26,0.24,4.47,7.48,11.85,2.50
12,2014,-0.036616988,5.15,30.81,2.15,0.23,4.06,7.58,10.78,3.20
12,2015,-0.038596502,5.14,32.23,1.92,-0.16,-2.86,7.32,10.11,5.68
12,2016,-0.030995513,6.25,35.27,1.92,-0.97,-18.51,8.18,9.67,11.89
12,2017,-0.028969551,5.44,33.90,1.99,-1.21,-23.23,6.91,10.49,13.99
12,2018,-0.028653367,5.34,31.66,2.21,-2.33,-46.63,6.84,9.26,15.33
13,2005,-0.049728194,13.48,38.33,3.21,2.01,24.19,9.52,9.21,1.29
13,2006,-0.034216228,8.49,33.50,2.84,1.39,13.11,9.19,11.04,0.49
13,2007,-0.044881644,8.34,30.95,2.55,1.21,10.78,8.73,12.51,0.49
13,2008,-0.054301815,9.40,30.76,2.03,1.02,6.21,8.43,12.12,0.99
13,2009,-0.060588837,6.99,28.96,1.96,0.88,13.51,8.17,12.98,0.65
13,2010,-0.040562747,6.72,29.76,2.33,0.91,14.51,7.66,12.54,0.87
13,2011,-0.040846554,6.84,35.63,2.80,1.03,15.55,7.26,14.23,0.98
13,2012,-0.04249243,5.43,33.41,2.49,0.67,9.91,7.22,12.69,2.21
13,2013,-0.036805578,4.65,33.29,2.49,0.71,10.74,6.97,12.04,2.27
13,2014,-0.051794583,5.16,31.77,2.44,0.56,8.70,7.18,11.01,2.82
13,2015,-0.046974835,4.99,30.41,2.26,0.23,3.65,6.99,11.41,3.34
13,2016,-0.050511962,4.52,31.70,2.29,0.07,1.09,7.58,11.76,6.70
13,2017,-0.036661485,4.93,27.00,1.99,-0.46,-7.53,8.01,11.64,8.96
13,2018,-0.043407804,5.91,33.71,1.85,-2.31,-45.33,7.46,10.50,10.48
14,2005,-0.049095201,9.17,49.12,3.51,1.17,21.41,8.56,14.78,0.20
14,2006,-0.028466985,19.55,34.30,3.44,1.09,16.41,8.79,11.95,0.29
14,2007,-0.038034229,8.85,32.31,3.39,1.03,15.55,7.63,12.29,0.76
14,2008,-0.048866962,9.17,32.44,3.06,1.15,18.01,7.28,13.46,0.64
14,2009,-0.056054317,8.13,30.22,3.06,1.39,22.92,7.27,14.03,0.17
14,2010,-0.031901231,7.35,31.17,3.12,1.44,24.12,6.46,14.16,0.53
14,2011,-0.02395246,7.60,30.41,3.50,1.34,22.60,6.52,12.42,0.85
14,2012,-0.036465988,4.87,32.33,3.21,1.19,19.80,7.10,12.63,1.52
14,2013,-0.030645481,4.57,33.17,3.17,1.00,15.70,7.55,12.72,2.35
14,2014,-0.045511004,4.93,31.85,3.14,0.64,9.75,7.50,11.52,2.85
14,2015,-0.034886915,4.83,29.89,2.87,0.53,8.17,7.22,12.21,4.06
14,2016,-0.04127016,4.79,28.54,2.41,-0.61,-10.27,7.82,11.28,8.61
14,2017,-0.034717502,4.05,30.03,2.16,0.19,3.30,7.30,11.66,7.81
14,2018,-0.039385319,4.48,31.19,2.01,-1.60,-29.54,7.21,9.20,11.24
15,2005,-0.042865247,5.81,44.00,3.41,0.82,19.64,8.20,10.70,1.59
15,2006,-0.035351275,5.87,32.20,3.32,0.91,21.32,6.51,11.73,0.86
15,2007,-0.054165567,8.36,32.09,2.86,0.91,22.17,8.02,11.74,0.76
15,2008,-0.051440431,10.90,29.50,2.11,0.88,21.42,7.77,11.82,0.97
15,2009,-0.039977615,10.82,26.35,2.15,0.81,19.63,6.92,12.68,0.77
15,2010,-0.035586109,6.14,28.21,2.03,0.62,15.29,7.14,12.70,1.07
15,2011,-0.036451277,7.70,25.86,2.97,0.76,16.53,6.49,13.04,0.97
15,2012,-0.04036411,5.58,25.84,3.00,0.81,16.32,7.21,12.24,0.96
15,2013,-0.036202445,4.37,24.63,2.74,1.07,20.47,7.47,12.59,0.76
15,2014,-0.047094537,5.99,26.16,2.37,0.78,15.29,7.48,11.41,1.56
15,2015,-0.045049706,4.69,27.15,1.99,0.58,12.23,7.83,10.54,1.90
15,2016,-0.043324843,5.10,26.22,1.96,-0.56,-12.94,7.66,11.16,4.48
15,2017,-0.036335035,5.03,25.12,2.07,0.12,2.71,7.95,12.03,5.21
15,2018,-0.044377453,4.28,29.46,2.10,-1.05,-22.13,7.13,12.24,6.28
16,2005,-0.043273666,6.02,38.54,2.86,0.73,17.86,8.08,11.26,2.93
16,2006,-0.025094379,3.73,36.00,2.69,0.34,8.68,8.05,11.12,2.10
16,2007,-0.036585276,5.85,30.10,2.32,0.47,12.34,7.51,11.56,2.14
16,2008,-0.05578586,7.14,30.35,1.81,0.52,14.75,7.18,11.02,1.98
16,2009,-0.052470648,6.57,29.32,1.63,0.59,16.20,6.54,11.93,1.18
16,2010,-0.0377454,5.92,35.55,1.87,0.87,22.08,6.00,13.21,1.17
16,2011,-0.031473312,7.16,29.55,2.56,0.66,14.36,6.25,13.71,1.84
16,2012,-0.039819778,5.07,29.72,2.27,0.69,13.83,7.12,12.35,1.96
16,2013,-0.035145463,3.29,30.12,2.42,0.33,6.76,7.42,14.15,3.17
16,2014,-0.051063004,4.03,33.80,2.77,0.70,14.45,7.33,12.68,2.38
16,2015,-0.046841202,3.86,29.96,2.29,0.48,9.57,7.52,12.17,4.30
16,2016,-0.046460755,3.84,40.54,1.98,-1.25,-22.33,7.64,9.63,9.09
16,2017,-0.026359973,4.37,36.77,1.60,-0.75,-14.64,7.26,10.93,8.94
16,2018,-0.03227866,4.47,39.02,1.40,-1.88,-32.02,7.14,10.94,13.10
17,2005,-0.057548722,5.90,36.86,3.16,1.10,21.46,8.33,12.09,2.64
17,2006,-0.034063316,5.92,34.98,2.94,0.84,16.52,8.02,11.41,1.56
17,2007,-0.044027157,6.95,32.85,2.91,0.92,17.34,7.84,12.80,0.96
17,2008,-0.050053343,9.10,32.57,2.52,1.26,22.13,7.39,12.51,0.17
17,2009,-0.048441027,6.48,31.00,2.68,1.27,21.46,7.37,13.27,0.34
17,2010,-0.032367489,7.33,31.99,2.35,1.25,21.65,7.15,12.51,0.81
17,2011,-0.031159689,8.70,28.84,2.88,1.05,17.96,7.10,12.95,1.19
17,2012,-0.041146817,5.22,27.98,2.73,0.79,13.05,7.57,11.85,1.70
17,2013,-0.035333655,4.08,30.65,2.63,0.79,13.52,7.92,11.45,1.61
17,2014,-0.057079409,6.19,31.49,2.37,0.52,9.48,8.33,10.80,2.33
17,2015,-0.046701421,4.75,26.66,2.30,0.49,9.32,8.06,10.22,2.71
17,2016,-0.047076066,4.55,26.03,2.11,0.35,6.34,8.68,10.56,5.25
17,2017,-0.035241751,4.39,29.83,2.08,0.13,2.37,8.64,11.79,6.57
17,2018,-0.042974792,5.14,30.30,1.98,-1.07,-21.39,7.44,11.50,8.42
18,2005,-0.051176316,5.00,47.11,3.70,1.43,26.02,7.82,12.92,0.59
18,2006,-0.028046057,8.12,40.35,3.20,0.45,7.79,8.02,11.94,0.85
18,2007,-0.046419333,9.04,31.96,2.90,0.92,18.58,8.12,11.21,0.59
18,2008,-0.048855267,11.81,34.65,1.68,0.75,16.59,7.65,11.22,0.57
18,2009,-0.043565504,10.51,31.88,1.90,0.59,9.36,7.74,13.15,0.82
18,2010,-0.036523246,6.62,34.08,2.19,0.76,15.32,6.66,12.50,1.40
18,2011,-0.032199471,6.66,34.32,2.56,0.72,12.63,6.97,13.88,1.52
18,2012,-0.035348025,5.47,34.49,2.14,0.66,11.54,6.96,13.06,1.72
18,2013,-0.032695996,4.04,32.25,1.82,0.59,10.83,7.20,11.32,1.30
18,2014,-0.033451434,4.46,34.26,1.68,0.35,7.27,7.05,10.56,1.55
18,2015,-0.030030826,5.17,32.26,1.64,0.33,7.29,7.57,11.43,1.92
18,2016,-0.025463526,5.00,33.36,1.92,0.28,5.54,7.16,12.58,4.80
18,2017,-0.028381233,4.34,33.40,2.34,0.49,9.51,7.79,12.73,4.36
18,2018,-0.036253236,2.74,25.12,2.59,0.44,7.74,7.35,13.90,4.32
19,2005,-0.047200198,10.88,47.45,2.36,1.21,18.81,7.60,12.66,1.39
19,2006,-0.035672711,6.06,53.67,2.47,1.18,18.28,7.03,11.08,0.98
19,2007,-0.049107767,7.93,45.75,2.39,1.10,20.96,6.74,11.57,0.72
19,2008,-0.044995919,8.34,38.46,2.83,1.24,17.60,6.94,13.73,0.42
19,2009,-0.072993521,8.02,39.47,2.87,1.44,19.12,7.63,13.69,0.40
19,2010,-0.040474432,6.71,39.61,3.05,1.67,19.15,6.70,15.80,0.40
19,2011,-0.032796653,7.34,38.04,3.10,1.68,19.34,6.94,12.65,0.29
19,2012,-0.042086136,4.86,42.34,3.04,1.68,20.29,7.74,13.66,0.27
19,2013,-0.027384569,5.86,45.02,3.09,1.70,18.53,7.49,17.00,0.36
19,2014,-0.037930951,6.07,40.42,3.30,1.78,17.43,7.34,16.07,0.44
19,2015,-0.025003053,6.15,36.46,3.37,1.83,17.75,7.31,15.09,0.46
19,2016,-0.036300333,6.25,36.74,3.36,1.72,16.81,7.53,15.29,0.74
19,2017,-0.025827263,7.45,31.08,3.17,0.65,6.76,7.39,14.95,2.27
19,2018,-0.023145438,7.82,33.92,2.88,0.04,0.46,7.06,16.57,3.64
20,2005,-0.034415534,5.20,35.61,3.31,1.33,20.88,8.45,12.18,3.37
20,2006,-0.02682155,6.08,30.06,3.67,1.46,21.40,7.11,12.33,1.95
20,2007,-0.036007163,6.74,27.81,3.53,1.57,22.03,7.26,12.58,1.09
20,2008,-0.049168048,10.83,26.74,3.14,1.60,21.82,7.25,12.48,0.98
20,2009,-0.04772507,7.25,29.21,2.92,1.50,19.90,6.92,12.69,1.08
20,2010,-0.035113118,8.44,31.22,2.67,1.52,20.55,6.91,13.46,0.58
20,2011,-0.030566474,8.15,28.00,3.21,1.67,23.47,7.18,12.75,0.52
20,2012,-0.025741549,4.99,28.07,3.03,1.71,24.91,7.40,12.57,0.44
20,2013,-0.020173765,5.01,25.94,3.02,1.58,22.33,7.56,13.98,0.63
20,2014,-0.023938018,4.72,27.04,3.17,1.44,18.94,7.81,15.01,1.23
20,2015,-0.022812321,5.12,24.38,3.05,1.49,16.74,8.33,16.52,1.30
20,2016,-0.024725241,5.20,25.14,3.29,1.50,15.47,8.52,15.58,1.53
20,2017,-0.024590522,4.93,23.35,3.57,1.50,15.18,7.77,15.83,1.71
20,2018,-0.027551262,5.67,23.98,3.80,1.60,15.31,7.01,16.22,1.70
21,2005,-0.044886438,4.54,38.17,3.15,0.62,13.13,6.70,11.27,2.21
21,2006,-0.032066787,6.79,35.08,3.20,1.28,22.82,7.59,13.75,0.95
21,2007,-0.051240428,5.71,32.58,3.13,1.38,21.27,7.01,13.43,0.44
21,2008,-0.034876672,9.09,38.69,3.01,1.34,13.56,7.29,22.46,0.23
21,2009,-0.047202866,6.88,37.64,3.69,1.48,12.13,6.32,20.22,0.30
21,2010,-0.035826972,6.43,36.20,3.42,1.15,10.30,6.22,18.36,0.48
21,2011,-0.029402549,6.82,33.80,3.67,1.34,11.98,6.29,16.79,0.60
21,2012,-0.03177705,4.95,35.56,3.49,1.41,14.37,8.24,16.64,0.53
21,2013,-0.018423009,4.76,36.72,3.00,1.35,13.89,7.60,14.73,0.98
21,2014,-0.044280162,5.20,40.38,3.06,1.20,12.60,7.85,15.14,0.74
21,2015,-0.031514204,4.77,29.04,3.02,1.32,13.69,7.38,15.46,0.73
21,2016,-0.033895004,4.77,31.77,2.83,0.57,6.01,7.71,13.93,1.64
21,2017,-0.029627824,4.69,28.87,2.91,0.84,9.75,6.75,12.39,1.28
21,2018,-0.027303281,4.58,27.48,2.83,0.75,8.31,6.50,14.70,1.69
22,2005,-0.025968239,7.29,53.23,3.79,1.47,18.45,6.79,12.16,0.24
22,2006,-0.026016832,5.93,50.89,4.08,1.38,17.74,6.84,11.41,0.44
22,2007,-0.032093593,7.43,44.75,4.21,1.33,19.46,6.98,13.08,0.43
22,2008,-0.040012927,12.46,49.02,4.66,1.32,17.74,7.18,13.60,0.47
22,2009,-0.055678099,9.47,41.19,4.69,1.28,17.17,7.41,15.69,0.63
22,2010,-0.024668455,9.25,35.01,4.13,1.53,16.30,6.78,17.44,0.31
22,2011,-0.023054712,12.03,34.00,4.22,1.58,16.74,7.22,16.22,0.19
22,2012,-0.025122903,6.08,39.51,4.19,1.77,18.69,7.72,16.52,0.18
22,2013,-0.017631602,4.94,37.68,4.28,1.90,20.34,7.48,16.80,0.20
22,2014,-0.025546306,6.90,32.93,4.14,2.00,21.28,7.77,16.07,0.27
22,2015,-0.01617083,6.10,33.64,4.14,2.02,19.37,7.23,16.79,0.25
22,2016,-0.016848791,5.50,35.84,4.15,1.89,18.26,8.13,15.53,0.28
22,2017,-0.011576053,5.89,33.32,4.13,1.88,17.95,7.77,14.55,0.33
22,2018,-0.010686554,13.27,30.71,4.16,1.93,17.87,7.10,14.82,0.40
23,2005,-0.029599002,6.36,50.58,1.94,1.59,18.86,4.75,11.78,1.65
23,2006,-0.032567481,5.41,43.34,2.25,1.30,14.33,6.05,13.35,0.72
23,2007,-0.035776785,8.12,39.59,1.89,1.09,13.17,6.13,11.69,1.02
23,2008,-0.047095208,12.02,45.60,1.96,1.12,11.63,7.37,13.96,1.55
23,2009,-0.079098012,8.03,47.20,2.15,0.98,7.80,6.90,15.53,2.09
23,2010,-0.046492186,13.62,59.84,2.19,1.13,7.96,5.77,19.41,2.12
23,2011,-0.030556985,9.27,59.70,2.34,1.35,9.65,6.19,19.54,1.11
23,2012,-0.037608431,8.01,62.45,2.40,1.50,11.20,6.58,18.52,0.73
23,2013,-0.026032199,6.51,58.57,2.70,1.70,13.10,6.65,18.74,0.77
23,2014,-0.036598089,6.57,53.33,2.91,1.78,14.02,6.63,17.70,0.97
23,2015,-0.02535384,7.10,43.73,3.07,1.86,14.55,6.32,17.02,1.61
23,2016,-0.034034656,6.43,38.06,3.11,1.49,11.43,6.67,16.64,2.98
23,2017,-0.028720457,6.47,32.96,2.91,1.35,10.33,7.07,17.39,5.43
23,2018,-0.022924883,5.90,36.19,2.79,0.87,6.61,6.35,18.42,5.43
24,2005,-0.045041476,4.85,31.03,2.71,1.50,25.79,7.16,11.62,2.71
24,2006,-0.038739216,4.03,36.05,1.90,0.22,4.34,6.56,10.54,2.09
24,2007,-0.068138108,5.79,33.39,1.41,0.34,7.10,6.94,12.54,2.47
24,2008,-0.06025172,8.02,34.82,1.36,0.34,6.24,6.44,11.91,2.27
24,2009,-0.069180483,5.39,36.56,1.80,0.58,9.84,6.57,12.55,1.14
24,2010,-0.044779762,7.86,38.94,2.81,1.14,17.25,6.05,15.33,0.50
24,2011,-0.03621955,7.15,39.43,3.40,1.46,17.91,6.12,15.89,0.28
24,2012,-0.033642017,6.85,34.40,3.30,1.57,18.26,7.67,13.85,0.27
24,2013,-0.023770343,6.01,36.32,3.41,1.63,17.15,7.49,15.36,0.31
24,2014,-0.045658933,7.30,35.64,3.61,1.81,16.89,7.17,13.83,0.33
24,2015,-0.022210925,5.44,30.86,3.44,1.90,18.22,7.15,12.09,0.31
24,2016,-0.030457739,4.86,36.62,3.55,1.91,16.14,7.26,15.50,0.36
24,2017,-0.018476075,6.12,29.00,3.77,1.86,14.96,6.97,15.31,0.39
24,2018,-0.016752821,7.23,33.02,3.75,1.90,16.21,7.09,15.03,0.51
25,2005,-0.04529689,7.74,41.73,2.61,0.47,7.06,7.38,15.15,1.41
25,2006,-0.029360945,3.99,38.30,2.61,0.67,10.21,6.23,13.52,0.92
25,2007,-0.036580191,7.36,29.34,2.79,0.96,14.42,6.20,13.24,1.13
25,2008,-0.033005799,11.26,30.63,2.64,1.09,16.79,6.70,12.80,1.07
25,2009,-0.04733336,6.98,32.53,2.79,1.09,16.72,6.62,14.48,1.38
25,2010,-0.033753307,7.37,37.48,2.79,1.20,18.19,5.71,15.89,0.28
25,2011,-0.027159946,6.66,44.09,3.32,1.22,18.96,6.34,13.72,0.20
25,2012,-0.023689033,5.22,40.54,3.32,1.56,21.22,6.79,13.36,0.15
25,2013,-0.021317592,4.20,40.08,3.51,1.70,23.56,7.27,12.83,0.14
25,2014,-0.028944442,4.39,37.78,3.57,1.74,22.34,6.49,12.69,0.22
25,2015,-0.037271991,3.61,34.61,3.43,0.70,8.60,7.11,12.57,2.77
25,2016,-0.027585214,4.51,29.33,3.47,0.57,6.64,7.64,11.81,4.31
25,2017,-0.038017425,4.96,29.38,3.10,-2.04,-26.98,8.56,10.80,4.87
25,2018,-0.028453505,5.41,23.60,3.34,0.25,3.42,7.13,11.42,4.89
26,2005,-0.049216047,6.35,42.04,2.74,1.27,17.56,7.56,14.16,2.29
26,2006,-0.03681557,4.04,41.90,2.66,1.28,16.85,7.37,11.78,1.18
26,2007,-0.041171035,5.89,35.96,2.69,1.15,15.07,7.79,11.03,1.22
26,2008,-0.037349129,8.71,37.18,2.58,1.37,18.47,7.58,12.17,0.98
26,2009,-0.058060871,6.71,44.07,2.39,1.25,18.10,7.13,13.48,0.98
26,2010,-0.040788544,7.35,42.11,1.08,0.67,9.83,5.97,12.37,1.31
26,2011,-0.035986531,7.10,42.09,2.09,0.72,9.60,5.97,13.33,1.62
26,2012,-0.032817084,5.39,40.63,2.15,0.73,9.79,6.05,12.84,2.11
26,2013,-0.040582844,4.76,37.25,2.32,0.89,12.76,7.14,13.22,1.51
26,2014,-0.044926415,5.30,37.52,2.39,0.71,10.53,7.13,13.20,1.91
26,2015,-0.036321265,5.41,30.50,2.36,0.91,14.02,7.42,12.41,1.98
26,2016,-0.038261408,5.24,32.20,2.41,0.76,11.73,7.86,12.03,2.35
26,2017,-0.031937879,5.16,35.64,2.47,0.74,10.24,6.97,13.30,2.64
26,2018,-0.030738808,5.64,24.57,2.76,0.49,6.17,6.51,12.04,2.96
27,2005,-0.032924667,5.72,33.26,3.42,1.45,14.30,8.65,16.07,1.66
27,2006,-0.029347202,6.21,30.33,3.35,1.65,16.58,8.28,14.79,0.81
27,2007,-0.028598012,6.37,30.77,3.46,1.53,16.54,8.44,14.51,0.23
27,2008,-0.031101488,8.76,28.10,2.66,1.63,18.49,7.36,12.58,0.18
27,2009,-0.03239704,6.38,31.23,2.59,1.49,18.57,6.71,14.92,0.25
27,2010,-0.026479263,6.22,34.26,2.90,1.76,22.63,7.00,14.49,0.23
27,2011,-0.02540228,6.79,31.27,3.06,1.71,22.26,7.31,14.41,0.07
27,2012,-0.023139517,5.98,32.72,2.79,1.56,20.81,7.85,14.33,0.33
27,2013,-0.019953433,4.21,35.80,2.75,1.35,19.00,7.81,14.41,0.37
27,2014,-0.026872606,5.82,30.27,2.61,0.86,13.40,8.84,12.59,0.41
27,2015,-0.020950183,6.03,27.69,2.80,0.88,12.26,9.04,14.62,0.78
27,2016,-0.022353716,5.05,28.84,3.18,1.03,12.87,8.17,12.17,0.55
27,2017,-0.021960427,5.20,27.67,3.43,1.00,12.61,7.55,12.54,2.53
27,2018,-0.030558478,5.20,27.78,3.57,0.53,6.12,7.32,14.43,4.16
28,2005,-0.035349943,5.55,42.49,3.66,1.56,12.46,3.86,12.80,0.37
28,2006,-0.034075082,6.38,43.49,4.55,1.39,14.58,7.19,11.27,0.24
28,2007,-0.04021912,6.83,62.38,4.12,0.94,11.19,5.78,13.46,1.98
28,2008,-0.062437634,10.25,55.66,5.08,1.10,11.19,8.85,18.65,1.78
28,2009,-0.073232703,6.36,58.23,5.33,1.03,7.36,6.12,20.01,2.39
28,2010,-0.047846275,8.73,52.38,5.62,1.72,13.29,6.72,18.35,1.73
28,2011,-0.029237097,7.20,58.51,4.75,1.77,14.39,6.46,19.92,0.72
28,2012,-0.029763322,5.23,55.96,4.31,1.83,14.65,6.75,17.52,0.61
28,2013,-0.024412835,4.33,56.58,4.29,1.81,15.60,7.41,16.05,0.64
28,2014,-0.030637533,4.99,43.14,4.34,1.80,13.82,7.54,18.83,1.08
28,2015,-0.02029417,5.25,38.28,4.36,1.98,14.12,7.88,17.17,0.92
28,2016,-0.025843671,4.98,36.97,4.63,1.19,10.97,8.65,16.34,1.06
28,2017,-0.017309478,4.76,28.63,3.99,1.73,13.23,7.64,16.77,1.26
28,2018,-0.015870986,4.62,33.51,3.98,1.73,12.55,7.17,18.22,0.98
29,2005,-0.042804448,7.40,33.78,2.71,0.08,1.46,8.54,11.32,4.98
29,2006,-0.031690018,4.61,29.51,2.35,0.53,8.63,7.75,10.79,1.89
29,2007,-0.046375015,5.70,26.08,2.22,0.33,5.12,6.89,12.43,1.58
29,2008,-0.048420578,6.86,30.14,2.01,0.41,6.21,6.87,12.73,1.55
29,2009,-0.041818168,8.04,25.31,2.07,0.71,11.54,7.09,10.29,1.24
29,2010,-0.036741842,8.27,32.87,2.65,0.33,5.14,7.54,14.82,4.11
29,2011,-0.031462523,8.46,31.56,3.07,0.91,12.40,7.07,13.19,0.90
29,2012,-0.031479371,5.74,31.14,2.52,0.73,11.56,8.19,13.10,1.74
29,2013,-0.032214688,4.66,27.69,2.32,0.54,9.28,7.82,12.32,2.43
29,2014,-0.030808058,6.42,30.63,2.54,0.32,5.77,7.64,10.90,3.44
29,2015,-0.022507214,5.21,27.55,2.32,0.61,10.14,8.18,11.34,1.85
29,2016,-0.023760616,5.06,25.74,2.42,0.69,10.86,8.25,10.67,1.18
29,2017,-0.021755927,4.76,28.32,2.45,0.83,13.13,7.60,10.38,1.76
29,2018,-0.030742359,5.10,32.33,2.09,-1.57,-26.20,7.14,9.81,5.66
30,2005,-0.05403108,5.10,36.90,2.74,0.09,2.05,7.26,9.89,3.81
30,2006,-0.036801118,5.70,28.60,3.06,0.53,9.29,6.37,13.02,1.86
30,2007,-0.03507496,5.72,28.03,3.00,0.88,15.26,7.09,11.08,0.98
30,2008,-0.046900118,6.42,30.17,2.45,1.01,16.09,6.82,13.80,0.33
30,2009,-0.049997738,5.51,33.58,2.79,1.09,15.80,6.74,14.76,1.13
30,2010,-0.038338158,6.04,31.10,2.48,1.07,16.76,5.71,15.39,0.39
30,2011,-0.028599315,6.15,30.03,2.71,1.05,17.56,5.99,14.01,0.29
30,2012,-0.02702453,4.31,25.75,2.79,1.12,19.99,6.78,14.00,0.28
30,2013,-0.0270346,3.83,28.29,2.84,1.17,19.41,6.81,13.91,0.78
30,2014,-0.024044038,4.63,30.22,2.67,1.00,15.92,7.10,12.42,0.78
30,2015,-0.031240527,4.70,27.13,2.39,0.56,8.82,6.65,12.01,0.96
30,2016,-0.027527701,4.44,26.46,2.46,0.55,8.96,6.99,11.82,2.89
30,2017,-0.025746378,4.66,29.39,2.43,0.57,9.03,7.22,12.37,1.45
30,2018,-0.031784473,4.52,25.49,2.50,0.43,6.64,6.72,12.70,2.60
