Year,Bank,cd,id,int_tota,roa,roe,roi,car,npa_adv,Ln_TA,VaR,FIIs,Dir_Investment,Total,GDP,unemployment,CPI,Export_tot,Ln_Exp,Ln_TI
2005,ALBK,5.95,46.58,3.42,1.33,27.93,8.47,12.53,1.28,13.02,-4.23,8686,5986,13003,9.28,4.4,4.25,83535.9,11.33,9.47
2006,ALBK,5.49,37.08,3.14,1.42,23.67,8.05,13.37,0.84,13.22,-3.16,9926,8900,15525,9.26,4.24,5.79,103090.5,11.54,9.65
2007,ALBK,6.83,31.48,2.85,1.26,18.49,8.37,12.52,1.07,13.42,-3.1,3225,22739,14640,9.8,4.06,6.39,126414.1,11.75,9.59
2008,ALBK,8.78,32.67,2.22,1.32,20.1,7.92,11.99,0.8,13.63,-5.32,20328,34727,43325,3.89,4.12,8.32,162904.2,12,10.68
2009,ALBK,6.02,34.9,2.39,0.9,13.88,6.97,13.11,0.72,13.79,-4.63,-15017,41707,8311,8.48,3.75,10.83,185295,12.13,9.03
2010,ALBK,6.77,36.23,2.42,1.16,19.14,5.71,13.62,0.66,14.01,-3.78,29048,33108,50361,10.26,3.54,12.11,178751.4,12.09,10.83
2011,ALBK,5.99,32.79,2.95,1.11,18.65,6.54,12.96,0.79,14.23,-3.28,29422,27829,41597,6.64,3.53,8.87,251136,12.43,10.64
2012,ALBK,5.46,34.01,3.09,1.02,19.64,7.62,12.83,0.98,14.42,-4.14,16813,32955,39177,5.46,3.62,9.3,305963.9,12.63,10.58
2013,ALBK,4.37,32.62,2.51,0.64,10.84,7.95,11.03,3.19,14.53,-3.97,27582,26953,46710,6.39,3.46,10.92,300400.7,12.61,10.75
2014,ALBK,4.63,33.51,2.5,0.57,10.12,7.46,9.96,4.15,14.61,-4.21,5009,30762,26385,7.41,3.41,6.37,314415.7,12.66,10.18
2015,ALBK,4.99,28.43,2.76,0.29,5.08,7.38,10.45,3.99,14.64,-4.12,40923,35284,73457,8.15,3.49,5.88,310338.5,12.65,11.2
2016,ALBK,4.72,28.49,2.53,-0.33,-5.57,7.12,11.02,6.76,14.69,-4.06,-4016,44907,31891,7.11,3.51,4.97,262290.1,12.48,10.37
2017,ALBK,4.25,27.31,2.22,-0.13,-2.21,7.34,11.45,8.92,14.68,-3.45,7766,42215,43224,6.68,3.52,2.49,276547,12.53,10.67
2018,ALBK,4.35,31.7,1.93,-1.96,-38.06,6.67,8.69,8.04,14.74,-4.07,22165,39431,52401,7.3,3.53,4.85,303526.2,12.62,10.87
2005,ANDHRA BANK                   ,7.53,38.64,3.58,1.59,31.62,7.85,12.11,0.28,12.7,-5.36,8686,5986,13003,9.28,4.4,4.25,83535.9,11.33,9.47
2006,ANDHRA BANK                   ,11.38,33.74,3.19,1.38,20.52,7.16,14,0.24,12.92,-2.94,9926,8900,15525,9.26,4.24,5.79,103090.5,11.54,9.65
2007,ANDHRA BANK                   ,7.11,34.5,3.21,1.31,17.78,6.96,11.33,0.17,13.07,-3.44,3225,22739,14640,9.8,4.06,6.39,126414.1,11.75,9.59
2008,ANDHRA BANK                   ,9.92,30.14,2.57,1.16,17.97,6.63,11.61,0.15,13.25,-4.84,20328,34727,43325,3.89,4.12,8.32,162904.2,12,10.68
2009,ANDHRA BANK                   ,8.17,28.47,2.6,1.09,18.94,6.91,13.22,0.18,13.44,-4.29,-15017,41707,8311,8.48,3.75,10.83,185295,12.13,9.03
2010,ANDHRA BANK                   ,8.62,26.88,2.76,1.39,25.96,6.29,13.93,0.17,13.71,-3.15,29048,33108,50361,10.26,3.54,12.11,178751.4,12.09,10.83
2011,ANDHRA BANK                   ,7.8,26.26,3.23,1.36,23.24,6.83,14.38,0.38,13.9,-2.95,29422,27829,41597,6.64,3.53,8.87,251136,12.43,10.64
2012,ANDHRA BANK                   ,5.26,27.99,3.22,1.19,19.25,7.33,13.18,0.91,14.04,-3.77,16813,32955,39177,5.46,3.62,9.3,305963.9,12.63,10.58
2013,ANDHRA BANK                   ,4.86,30.4,2.77,0.99,16.19,7.36,11.76,2.45,14.2,-3.34,27582,26953,46710,6.39,3.46,10.92,300400.7,12.61,10.75
2014,ANDHRA BANK                   ,5.58,31.98,2.38,0.29,5.07,7.25,10.78,3.11,14.33,-3.59,5009,30762,26385,7.41,3.41,6.37,314415.7,12.66,10.18
2015,ANDHRA BANK                   ,4.85,29.55,2.57,0.38,6.79,7.58,10.63,2.93,14.43,-4.25,40923,35284,73457,8.15,3.49,5.88,310338.5,12.65,11.2
2016,ANDHRA BANK                   ,5.04,30.9,2.76,0.28,5.13,7.78,11.58,4.61,14.51,-3.64,-4016,44907,31891,7.11,3.51,4.97,262290.1,12.48,10.37
2017,ANDHRA BANK                   ,4.77,30.54,2.62,0.08,1.56,7.45,12.38,7.57,14.62,-3.65,7766,42215,43224,6.68,3.52,2.49,276547,12.53,10.67
2018,ANDHRA BANK                   ,4.76,31.13,2.72,-1.46,-30.76,7.21,11,8.48,14.7,-4.08,22165,39431,52401,7.3,3.53,4.85,303526.2,12.62,10.87
2005,AXIS BANK,10.88,47.45,2.36,1.21,18.81,7.6,12.66,1.39,12.84,-4.72,8686,5986,13003,9.28,4.4,4.25,83535.9,11.33,9.47
2006,AXIS BANK,6.06,53.67,2.47,1.18,18.28,7.03,11.08,0.98,13.12,-3.57,9926,8900,15525,9.26,4.24,5.79,103090.5,11.54,9.65
2007,AXIS BANK,7.93,45.75,2.39,1.1,20.96,6.74,11.57,0.72,13.5,-4.91,3225,22739,14640,9.8,4.06,6.39,126414.1,11.75,9.59
2008,AXIS BANK,8.34,38.46,2.83,1.24,17.6,6.94,13.73,0.42,13.91,-4.5,20328,34727,43325,3.89,4.12,8.32,162904.2,12,10.68
2009,AXIS BANK,8.02,39.47,2.87,1.44,19.12,7.63,13.69,0.4,14.21,-7.3,-15017,41707,8311,8.48,3.75,10.83,185295,12.13,9.03
2010,AXIS BANK,6.71,39.61,3.05,1.67,19.15,6.7,15.8,0.4,14.41,-4.05,29048,33108,50361,10.26,3.54,12.11,178751.4,12.09,10.83
2011,AXIS BANK,7.34,38.04,3.1,1.68,19.34,6.94,12.65,0.29,14.7,-3.28,29422,27829,41597,6.64,3.53,8.87,251136,12.43,10.64
2012,AXIS BANK,4.86,42.34,3.04,1.68,20.29,7.74,13.66,0.27,14.87,-4.21,16813,32955,39177,5.46,3.62,9.3,305963.9,12.63,10.58
2013,AXIS BANK,5.86,45.02,3.09,1.7,18.53,7.49,17,0.36,15.04,-2.74,27582,26953,46710,6.39,3.46,10.92,300400.7,12.61,10.75
2014,AXIS BANK,6.07,40.42,3.3,1.78,17.43,7.34,16.07,0.44,15.16,-3.79,5009,30762,26385,7.41,3.41,6.37,314415.7,12.66,10.18
2015,AXIS BANK,6.15,36.46,3.37,1.83,17.75,7.31,15.09,0.46,15.35,-2.5,40923,35284,73457,8.15,3.49,5.88,310338.5,12.65,11.2
2016,AXIS BANK,6.25,36.74,3.36,1.72,16.81,7.53,15.29,0.74,15.5,-3.63,-4016,44907,31891,7.11,3.51,4.97,262290.1,12.48,10.37
2017,AXIS BANK,7.45,31.08,3.17,0.65,6.76,7.39,14.95,2.27,15.61,-2.58,7766,42215,43224,6.68,3.52,2.49,276547,12.53,10.67
2018,AXIS BANK,7.82,33.92,2.88,0.04,0.46,7.06,16.57,3.64,15.75,-2.31,22165,39431,52401,7.3,3.53,4.85,303526.2,12.62,10.87
2005,BANK OF BARODA,3.33,45.58,3.31,0.75,12.58,7.96,12.61,1.89,13.76,-4.78,8686,5986,13003,9.28,4.4,4.25,83535.9,11.33,9.47
2006,BANK OF BARODA,3.56,37.49,3.05,0.79,12.28,8.05,13.65,0.87,13.94,-3.86,9926,8900,15525,9.26,4.24,5.79,103090.5,11.54,9.65
2007,BANK OF BARODA,5.13,27.97,2.79,0.8,12.45,7.31,11.8,0.6,14.17,-3.72,3225,22739,14640,9.8,4.06,6.39,126414.1,11.75,9.59
2008,BANK OF BARODA,6.16,28.86,2.42,0.89,14.58,6.95,12.94,0.47,14.4,-5.19,20328,34727,43325,3.89,4.12,8.32,162904.2,12,10.68
2009,BANK OF BARODA,5.51,27.26,2.52,1.09,18.62,6.87,14.05,0.31,14.63,-5.24,-15017,41707,8311,8.48,3.75,10.83,185295,12.13,9.03
2010,BANK OF BARODA,5.61,25.36,2.35,1.21,21.86,6.43,14.36,0.34,14.84,-3.41,29048,33108,50361,10.26,3.54,12.11,178751.4,12.09,10.83
2011,BANK OF BARODA,6.5,23.38,2.76,1.33,23.47,7.2,14.52,0.35,15.09,-2.43,29422,27829,41597,6.64,3.53,8.87,251136,12.43,10.64
2012,BANK OF BARODA,5.63,21.62,2.56,1.24,20.64,8,14.67,0.54,15.31,-3.57,16813,32955,39177,5.46,3.62,9.3,305963.9,12.63,10.58
2013,BANK OF BARODA,2.84,25.62,2.28,0.9,15.07,7.32,13.3,1.28,15.52,-2.93,27582,26953,46710,6.39,3.46,10.92,300400.7,12.61,10.75
2014,BANK OF BARODA,3.27,20.41,1.98,0.75,13.36,7.32,12.28,1.52,15.7,-4.74,5009,30762,26385,7.41,3.41,6.37,314415.7,12.66,10.18
2015,BANK OF BARODA,3.64,18.92,1.92,0.49,8.96,8.1,12.61,1.89,15.78,-3.32,40923,35284,73457,8.15,3.49,5.88,310338.5,12.65,11.2
2016,BANK OF BARODA,3.78,20.98,1.84,-0.78,-13.48,9,13.18,5.06,15.72,-4.22,-4016,44907,31891,7.11,3.51,4.97,262290.1,12.48,10.37
2017,BANK OF BARODA,3.79,21.54,1.98,0.2,3.44,8.47,12.24,4.72,15.75,-3.35,7766,42215,43224,6.68,3.52,2.49,276547,12.53,10.67
2018,BANK OF BARODA,3.84,27.6,2.19,-0.34,-5.81,7.12,12.13,5.49,15.79,-3.54,22165,39431,52401,7.3,3.53,4.85,303526.2,12.62,10.87
2005,BANK OF INDIA,4.95,36.39,2.49,0.38,8.03,7.62,11.52,2.8,13.76,-4.19,8686,5986,13003,9.28,4.4,4.25,83535.9,11.33,9.47
2006,BANK OF INDIA,5.95,33.83,2.54,0.68,14.85,7.15,10.75,1.49,13.93,-4.04,9926,8900,15525,9.26,4.24,5.79,103090.5,11.54,9.65
2007,BANK OF INDIA,6,29.61,2.71,0.88,20.65,6.59,11.75,0.95,14.16,-5.02,3225,22739,14640,9.8,4.06,6.39,126414.1,11.75,9.59
2008,BANK OF INDIA,7.83,27.87,2.64,1.25,24.38,6.83,12.04,0.52,14.4,-6.12,20328,34727,43325,3.89,4.12,8.32,162904.2,12,10.68
2009,BANK OF INDIA,4.7,27.73,2.72,1.49,24.97,7.14,13.01,0.44,14.63,-6.28,-15017,41707,8311,8.48,3.75,10.83,185295,12.13,9.03
2010,BANK OF INDIA,6.79,29.2,2.3,0.7,12.56,7.46,12.94,1.31,14.83,-4.04,29048,33108,50361,10.26,3.54,12.11,178751.4,12.09,10.83
2011,BANK OF INDIA,7.29,28.73,2.49,0.82,15.79,6.76,12.17,0.91,15.07,-3.45,29422,27829,41597,6.64,3.53,8.87,251136,12.43,10.64
2012,BANK OF INDIA,4.71,27.26,2.26,0.72,14,8.27,11.95,1.47,15.16,-4.26,16813,32955,39177,5.46,3.62,9.3,305963.9,12.63,10.58
2013,BANK OF INDIA,5.75,24.78,2.16,0.65,12.25,8.01,11.02,2.06,15.33,-3.56,27582,26953,46710,6.39,3.46,10.92,300400.7,12.61,10.75
2014,BANK OF INDIA,4,23.93,2.11,0.51,10.14,8.05,9.97,2,15.56,-5.44,5009,30762,26385,7.41,3.41,6.37,314415.7,12.66,10.18
2015,BANK OF INDIA,5.11,22.52,1.91,0.27,5.57,8.07,10.73,3.36,15.64,-4.61,40923,35284,73457,8.15,3.49,5.88,310338.5,12.65,11.2
2016,BANK OF INDIA,6.62,23.17,1.91,0.94,-19.5,7.5,12.01,7.79,15.62,-4.15,-4016,44907,31891,7.11,3.51,4.97,262290.1,12.48,10.37
2017,BANK OF INDIA,5.06,23.67,1.91,-0.24,-5.04,7.35,12.14,6.9,15.65,-3.26,7766,42215,43224,6.68,3.52,2.49,276547,12.53,10.67
2018,BANK OF INDIA,6.02,26.32,1.7,-0.91,-18.23,6.91,12.94,8.28,15.62,-4.16,22165,39431,52401,7.3,3.53,4.85,303526.2,12.62,10.87
2016,CANARA BANK,5.15,39.31,3.01,1.01,19.53,8.28,12.78,1.88,13.91,-4.31,8686,5986,13003,9.28,4.4,4.25,83535.9,11.33,9.47
2017,CANARA BANK,6.78,31.66,2.95,1.13,20.29,7.61,11.22,1.12,14.1,-3.14,9926,8900,15525,9.26,4.24,5.79,103090.5,11.54,9.65
2018,CANARA BANK,6.39,31.76,2.7,0.98,16.25,8.09,13.5,0.94,14.32,-5.31,3225,22739,14640,9.8,4.06,6.39,126414.1,11.75,9.59
2005,CANARA BANK                   ,8.67,32.33,2.04,0.92,15.01,8.03,13.25,0.84,14.41,-5.01,20328,34727,43325,3.89,4.12,8.32,162904.2,12,10.68
2006,CANARA BANK                   ,5.37,30.91,2.36,1.06,18.25,7.62,14.1,1.09,14.6,-4.8,-15017,41707,8311,8.48,3.75,10.83,185295,12.13,9.03
2007,CANARA BANK                   ,6.7,29.69,2.35,1.3,22.48,7.18,13.43,1.06,14.79,-3.73,29048,33108,50361,10.26,3.54,12.11,178751.4,12.09,10.83
2008,CANARA BANK                   ,7.5,28.5,2.56,1.42,23.2,7.36,15.38,1.1,15.03,-3.44,29422,27829,41597,6.64,3.53,8.87,251136,12.43,10.64
2009,CANARA BANK                   ,5.44,31.21,2.17,0.95,15.36,7.59,13.76,1.46,15.14,-3.93,16813,32955,39177,5.46,3.62,9.3,305963.9,12.63,10.58
2010,CANARA BANK                   ,4.33,34.04,2,0.77,12.08,8.17,12.4,2.18,15.23,-3.53,27582,26953,46710,6.39,3.46,10.92,300400.7,12.61,10.75
2011,CANARA BANK                   ,5.27,30.15,1.98,0.54,8.95,8.27,10.63,1.98,15.41,-4.96,5009,30762,26385,7.41,3.41,6.37,314415.7,12.66,10.18
2012,CANARA BANK                   ,4.64,29.98,1.86,0.55,8.79,7.92,10.56,2.65,15.52,-4.2,40923,35284,73457,8.15,3.49,5.88,310338.5,12.65,11.2
2013,CANARA BANK                   ,4.31,29.66,1.77,-0.52,-8.86,8.02,11.08,6.42,15.53,-4.09,-4016,44907,31891,7.11,3.51,4.97,262290.1,12.48,10.37
2014,CANARA BANK                   ,4.02,30.34,1.74,0.2,3.44,7.32,12.86,6.33,15.58,-3.78,7766,42215,43224,6.68,3.52,2.49,276547,12.53,10.67
2015,CANARA BANK                   ,4.21,27.45,2.03,-0.75,-12.19,7.08,13.22,7.48,15.64,-4.17,22165,39431,52401,7.3,3.53,4.85,303526.2,12.62,10.87
2005,CITY UNION BANK LIMITED,5.2,35.61,3.31,1.33,20.88,8.45,12.18,3.37,10.46,-4.48,8686,5986,13003,9.28,4.4,4.25,83535.9,11.33,9.47
2006,CITY UNION BANK LIMITED,6.08,30.06,3.67,1.46,21.4,7.11,12.33,1.95,10.63,-3.59,9926,8900,15525,9.26,4.24,5.79,103090.5,11.54,9.65
2007,CITY UNION BANK LIMITED,6.74,27.81,3.53,1.57,22.03,7.26,12.58,1.09,10.89,-5.26,3225,22739,14640,9.8,4.06,6.39,126414.1,11.75,9.59
2008,CITY UNION BANK LIMITED,10.83,26.74,3.14,1.6,21.82,7.25,12.48,0.98,11.2,-4.61,20328,34727,43325,3.89,4.12,8.32,162904.2,12,10.68
2009,CITY UNION BANK LIMITED,7.25,29.21,2.92,1.5,19.9,6.92,12.69,1.08,11.44,-4.52,-15017,41707,8311,8.48,3.75,10.83,185295,12.13,9.03
2010,CITY UNION BANK LIMITED,8.44,31.22,2.67,1.52,20.55,6.91,13.46,0.58,11.66,-2.98,29048,33108,50361,10.26,3.54,12.11,178751.4,12.09,10.83
2011,CITY UNION BANK LIMITED,8.15,28,3.21,1.67,23.47,7.18,12.75,0.52,11.89,-2.68,29422,27829,41597,6.64,3.53,8.87,251136,12.43,10.64
2012,CITY UNION BANK LIMITED,4.99,28.07,3.03,1.71,24.91,7.4,12.57,0.44,12.12,-2.43,16813,32955,39177,5.46,3.62,9.3,305963.9,12.63,10.58
2013,CITY UNION BANK LIMITED,5.01,25.94,3.02,1.58,22.33,7.56,13.98,0.63,12.34,-1.67,27582,26953,46710,6.39,3.46,10.92,300400.7,12.61,10.75
2014,CITY UNION BANK LIMITED,4.72,27.04,3.17,1.44,18.94,7.81,15.01,1.23,12.43,-2.89,5009,30762,26385,7.41,3.41,6.37,314415.7,12.66,10.18
2015,CITY UNION BANK LIMITED,5.12,24.38,3.05,1.49,16.74,8.33,16.52,1.3,12.54,-2.79,40923,35284,73457,8.15,3.49,5.88,310338.5,12.65,11.2
2016,CITY UNION BANK LIMITED,5.2,25.14,3.29,1.5,15.47,8.52,15.58,1.53,12.67,-3.33,-4016,44907,31891,7.11,3.51,4.97,262290.1,12.48,10.37
2017,CITY UNION BANK LIMITED,4.93,23.35,3.57,1.5,15.18,7.77,15.83,1.71,12.77,-2.7,7766,42215,43224,6.68,3.52,2.49,276547,12.53,10.67
2018,CITY UNION BANK LIMITED,5.67,23.98,3.8,1.6,15.31,7.01,16.22,1.7,12.9,-3.62,22165,39431,52401,7.3,3.53,4.85,303526.2,12.62,10.87
2005,CORPORATION BANK              ,7.05,37.68,3.58,1.12,13.81,8.4,16.23,1.12,12.73,-3.44,8686,5986,13003,9.28,4.4,4.25,83535.9,11.33,9.47
2006,CORPORATION BANK              ,4.99,32.4,3.3,1.24,13.82,8.16,13.92,0.64,12.91,-2.68,9926,8900,15525,9.26,4.24,5.79,103090.5,11.54,9.65
2007,CORPORATION BANK              ,7.04,34.04,2.81,1.17,15.02,6.62,12.76,0.47,13.18,-3.6,3225,22739,14640,9.8,4.06,6.39,126414.1,11.75,9.59
2008,CORPORATION BANK              ,12.82,31.26,2.42,1.29,18.39,6.79,12.09,0.32,13.41,-4.92,20328,34727,43325,3.89,4.12,8.32,162904.2,12,10.68
2009,CORPORATION BANK              ,7.56,33.71,2.2,1.24,19.57,7.13,13.61,0.29,13.68,-4.77,-15017,41707,8311,8.48,3.75,10.83,185295,12.13,9.03
2010,CORPORATION BANK              ,9.53,37.23,1.92,1.28,21.93,6,15.37,0.31,13.93,-3.51,29048,33108,50361,10.26,3.54,12.11,178751.4,12.09,10.83
2011,CORPORATION BANK              ,6.97,37.22,2.3,1.21,21.89,5.97,14.11,0.46,14.18,-3.06,29422,27829,41597,6.64,3.53,8.87,251136,12.43,10.64
2012,CORPORATION BANK              ,6.82,34.87,2.05,1.06,19.54,6.75,13,0.87,14.31,-2.57,16813,32955,39177,5.46,3.62,9.3,305963.9,12.63,10.58
2013,CORPORATION BANK              ,5.33,35.04,1.92,0.88,16.08,6.5,12.33,1.19,14.48,-2.02,27582,26953,46710,6.39,3.46,10.92,300400.7,12.61,10.75
2014,CORPORATION BANK              ,7.1,34.23,1.82,0.29,5.72,6.82,11.65,2.32,14.61,-2.39,5009,30762,26385,7.41,3.41,6.37,314415.7,12.66,10.18
2015,CORPORATION BANK              ,5.09,26.74,1.82,0.28,5.68,6.97,11.09,3.08,14.63,-2.28,40923,35284,73457,8.15,3.49,5.88,310338.5,12.65,11.2
2016,CORPORATION BANK              ,4.92,30.84,1.84,-0.23,-4.64,7.22,10.56,6.53,14.67,-2.47,-4016,44907,31891,7.11,3.51,4.97,262290.1,12.48,10.37
2017,CORPORATION BANK              ,7.93,29.05,1.84,0.23,4.66,8.12,11.32,8.33,14.72,-2.46,7766,42215,43224,6.68,3.52,2.49,276547,12.53,10.67
2018,CORPORATION BANK              ,6.08,38.38,2.06,-1.67,-34.42,7.68,9.23,11.74,14.61,-2.76,22165,39431,52401,7.3,3.53,4.85,303526.2,12.62,10.87
2005,DENA BANK                     ,7.13,46.4,2.97,0.26,5.65,8.35,11.91,5.23,12.39,-4.24,8686,5986,13003,9.28,4.4,4.25,83535.9,11.33,9.47
2006,DENA BANK                     ,7.14,36.28,2.86,0.29,5.98,7.82,10.62,3.04,12.49,-3.26,9926,8900,15525,9.26,4.24,5.79,103090.5,11.54,9.65
2007,DENA BANK                     ,7.07,33.35,2.95,0.71,14.22,7.47,11.52,1.99,12.66,-4.83,3225,22739,14640,9.8,4.06,6.39,126414.1,11.75,9.59
2008,DENA BANK                     ,10.41,30.29,2.45,1.06,21.82,7.09,11.09,0.94,12.86,-5.66,20328,34727,43325,3.89,4.12,8.32,162904.2,12,10.68
2009,DENA BANK                     ,11.57,28.97,2.44,1.02,21.29,7.28,12.07,1.09,13.09,-5.22,-15017,41707,8311,8.48,3.75,10.83,185295,12.13,9.03
2010,DENA BANK                     ,8.48,30.57,2.07,1.01,21.43,6.82,12.77,1.21,13.26,-4.67,29048,33108,50361,10.26,3.54,12.11,178751.4,12.09,10.83
2011,DENA BANK                     ,7.35,29.23,2.75,1,19.55,6.92,13.41,1.22,13.47,-3.92,29422,27829,41597,6.64,3.53,8.87,251136,12.43,10.64
2012,DENA BANK                     ,6.73,29.84,2.66,1.08,19.75,7.39,11.51,1.01,13.68,-3.85,16813,32955,39177,5.46,3.62,9.3,305963.9,12.63,10.58
2013,DENA BANK                     ,8.89,35.33,2.37,0.86,15.83,7.04,11.03,1.39,13.94,-3.55,27582,26953,46710,6.39,3.46,10.92,300400.7,12.61,10.75
2014,DENA BANK                     ,5.67,33.28,2.1,0.51,8.55,7.21,11.14,2.35,14.04,-4.76,5009,30762,26385,7.41,3.41,6.37,314415.7,12.66,10.18
2015,DENA BANK                     ,7.84,28.26,1.92,0.22,3.64,7.33,10.93,3.82,14.08,-3.58,40923,35284,73457,8.15,3.49,5.88,310338.5,12.65,11.2
2016,DENA BANK                     ,4.55,30,1.88,-1.02,-12.83,7.67,11,6.35,14.1,-2.8,-4016,44907,31891,7.11,3.51,4.97,262290.1,12.48,10.37
2017,DENA BANK                     ,5.28,34.87,1.83,-0.67,-11.65,7.75,11.39,10.66,14.07,-2.72,7766,42215,43224,6.68,3.52,2.49,276547,12.53,10.67
2018,DENA BANK                     ,5.55,35.44,1.98,-1.59,-22.78,6.93,11.09,11.95,14,-3.32,22165,39431,52401,7.3,3.53,4.85,303526.2,12.62,10.87
2005,FEDERAL BANK,4.54,38.17,3.15,0.62,13.13,6.7,11.27,2.21,12.03,-4.49,8686,5986,13003,9.28,4.4,4.25,83535.9,11.33,9.47
2006,FEDERAL BANK,6.79,35.08,3.2,1.28,22.82,7.59,13.75,0.95,12.24,-3.21,9926,8900,15525,9.26,4.24,5.79,103090.5,11.54,9.65
2007,FEDERAL BANK,5.71,32.58,3.13,1.38,21.27,7.01,13.43,0.44,12.43,-5.12,3225,22739,14640,9.8,4.06,6.39,126414.1,11.75,9.59
2008,FEDERAL BANK,9.09,38.69,3.01,1.34,13.56,7.29,22.46,0.23,12.69,-3.49,20328,34727,43325,3.89,4.12,8.32,162904.2,12,10.68
2009,FEDERAL BANK,6.88,37.64,3.69,1.48,12.13,6.32,20.22,0.3,12.87,-4.72,-15017,41707,8311,8.48,3.75,10.83,185295,12.13,9.03
2010,FEDERAL BANK,6.43,36.2,3.42,1.15,10.3,6.22,18.36,0.48,12.99,-3.58,29048,33108,50361,10.26,3.54,12.11,178751.4,12.09,10.83
2011,FEDERAL BANK,6.82,33.8,3.67,1.34,11.98,6.29,16.79,0.6,13.15,-2.94,29422,27829,41597,6.64,3.53,8.87,251136,12.43,10.64
2012,FEDERAL BANK,4.95,35.56,3.49,1.41,14.37,8.24,16.64,0.53,13.32,-3.18,16813,32955,39177,5.46,3.62,9.3,305963.9,12.63,10.58
2013,FEDERAL BANK,4.76,36.72,3,1.35,13.89,7.6,14.73,0.98,13.47,-1.84,27582,26953,46710,6.39,3.46,10.92,300400.7,12.61,10.75
2014,FEDERAL BANK,5.2,40.38,3.06,1.2,12.6,7.85,15.14,0.74,13.52,-4.43,5009,30762,26385,7.41,3.41,6.37,314415.7,12.66,10.18
2015,FEDERAL BANK,4.77,29.04,3.02,1.32,13.69,7.38,15.46,0.73,13.63,-3.15,40923,35284,73457,8.15,3.49,5.88,310338.5,12.65,11.2
2016,FEDERAL BANK,4.77,31.77,2.83,0.57,6.01,7.71,13.93,1.64,13.76,-3.39,-4016,44907,31891,7.11,3.51,4.97,262290.1,12.48,10.37
2017,FEDERAL BANK,4.69,28.87,2.91,0.84,9.75,6.75,12.39,1.28,13.96,-2.96,7766,42215,43224,6.68,3.52,2.49,276547,12.53,10.67
2018,FEDERAL BANK,4.58,27.48,2.83,0.75,8.31,6.5,14.7,1.69,14.14,-2.73,22165,39431,52401,7.3,3.53,4.85,303526.2,12.62,10.87
2005,HDFC BANK ,7.29,53.23,3.79,1.47,18.45,6.79,12.16,0.24,13.15,-2.6,8686,5986,13003,9.28,4.4,4.25,83535.9,11.33,9.47
2006,HDFC BANK ,5.93,50.89,4.08,1.38,17.74,6.84,11.41,0.44,13.51,-2.6,9926,8900,15525,9.26,4.24,5.79,103090.5,11.54,9.65
2007,HDFC BANK ,7.43,44.75,4.21,1.33,19.46,6.98,13.08,0.43,13.72,-3.21,3225,22739,14640,9.8,4.06,6.39,126414.1,11.75,9.59
2008,HDFC BANK ,12.46,49.02,4.66,1.32,17.74,7.18,13.6,0.47,14.1,-4,20328,34727,43325,3.89,4.12,8.32,162904.2,12,10.68
2009,HDFC BANK ,9.47,41.19,4.69,1.28,17.17,7.41,15.69,0.63,14.42,-5.57,-15017,41707,8311,8.48,3.75,10.83,185295,12.13,9.03
2010,HDFC BANK ,9.25,35.01,4.13,1.53,16.3,6.78,17.44,0.31,14.62,-2.47,29048,33108,50361,10.26,3.54,12.11,178751.4,12.09,10.83
2011,HDFC BANK ,12.03,34,4.22,1.58,16.74,7.22,16.22,0.19,14.84,-2.31,29422,27829,41597,6.64,3.53,8.87,251136,12.43,10.64
2012,HDFC BANK ,6.08,39.51,4.19,1.77,18.69,7.72,16.52,0.18,15.03,-2.51,16813,32955,39177,5.46,3.62,9.3,305963.9,12.63,10.58
2013,HDFC BANK ,4.94,37.68,4.28,1.9,20.34,7.48,16.8,0.2,15.2,-1.76,27582,26953,46710,6.39,3.46,10.92,300400.7,12.61,10.75
2014,HDFC BANK ,6.9,32.93,4.14,2,21.28,7.77,16.07,0.27,15.41,-2.55,5009,30762,26385,7.41,3.41,6.37,314415.7,12.66,10.18
2015,HDFC BANK ,6.1,33.64,4.14,2.02,19.37,7.23,16.79,0.25,15.59,-1.62,40923,35284,73457,8.15,3.49,5.88,310338.5,12.65,11.2
2016,HDFC BANK ,5.5,35.84,4.15,1.89,18.26,8.13,15.53,0.28,15.82,-1.68,-4016,44907,31891,7.11,3.51,4.97,262290.1,12.48,10.37
2017,HDFC BANK ,5.89,33.32,4.13,1.88,17.95,7.77,14.55,0.33,15.97,-1.16,7766,42215,43224,6.68,3.52,2.49,276547,12.53,10.67
2018,HDFC BANK ,13.27,30.71,4.16,1.93,17.87,7.1,14.82,0.4,16.18,-1.07,22165,39431,52401,7.3,3.53,4.85,303526.2,12.62,10.87
2005,ICICI BANK,6.36,50.58,1.94,1.59,18.86,4.75,11.78,1.65,14.33,-2.96,8686,5986,13003,9.28,4.4,4.25,83535.9,11.33,9.47
2006,ICICI BANK,5.41,43.34,2.25,1.3,14.33,6.05,13.35,0.72,14.74,-3.26,9926,8900,15525,9.26,4.24,5.79,103090.5,11.54,9.65
2007,ICICI BANK,8.12,39.59,1.89,1.09,13.17,6.13,11.69,1.02,15.05,-3.58,3225,22739,14640,9.8,4.06,6.39,126414.1,11.75,9.59
2008,ICICI BANK,12.02,45.6,1.96,1.12,11.63,7.37,13.96,1.55,15.2,-4.71,20328,34727,43325,3.89,4.12,8.32,162904.2,12,10.68
2009,ICICI BANK,8.03,47.2,2.15,0.98,7.8,6.9,15.53,2.09,15.15,-7.91,-15017,41707,8311,8.48,3.75,10.83,185295,12.13,9.03
2010,ICICI BANK,13.62,59.84,2.19,1.13,7.96,5.77,19.41,2.12,15.11,-4.65,29048,33108,50361,10.26,3.54,12.11,178751.4,12.09,10.83
2011,ICICI BANK,9.27,59.7,2.34,1.35,9.65,6.19,19.54,1.11,15.22,-3.06,29422,27829,41597,6.64,3.53,8.87,251136,12.43,10.64
2012,ICICI BANK,8.01,62.45,2.4,1.5,11.2,6.58,18.52,0.73,15.4,-3.76,16813,32955,39177,5.46,3.62,9.3,305963.9,12.63,10.58
2013,ICICI BANK,6.51,58.57,2.7,1.7,13.1,6.65,18.74,0.77,15.5,-2.6,27582,26953,46710,6.39,3.46,10.92,300400.7,12.61,10.75
2014,ICICI BANK,6.57,53.33,2.91,1.78,14.02,6.63,17.7,0.97,15.6,-3.66,5009,30762,26385,7.41,3.41,6.37,314415.7,12.66,10.18
2015,ICICI BANK,7.1,43.73,3.07,1.86,14.55,6.32,17.02,1.61,15.68,-2.54,40923,35284,73457,8.15,3.49,5.88,310338.5,12.65,11.2
2016,ICICI BANK,6.43,38.06,3.11,1.49,11.43,6.67,16.64,2.98,15.79,-3.4,-4016,44907,31891,7.11,3.51,4.97,262290.1,12.48,10.37
2017,ICICI BANK,6.47,32.96,2.91,1.35,10.33,7.07,17.39,5.43,15.86,-2.87,7766,42215,43224,6.68,3.52,2.49,276547,12.53,10.67
2018,ICICI BANK,5.9,36.19,2.79,0.87,6.61,6.35,18.42,5.43,15.99,-2.29,22165,39431,52401,7.3,3.53,4.85,303526.2,12.62,10.87
2005,IDBI BANK LIMITED,15.73,165.9,0.23,0.78,5.18,1.58,15.51,1.74,13.61,-5.71,8686,5986,13003,9.28,4.4,4.25,83535.9,11.33,9.47
2006,IDBI BANK LIMITED,10.31,97.5,0.45,0.68,9.12,3.35,14.8,1.01,13.69,-3.92,9926,8900,15525,9.26,4.24,5.79,103090.5,11.54,9.65
2007,IDBI BANK LIMITED,12.47,59.22,0.68,0.67,8.59,3.91,13.73,1.12,13.85,-5.68,3225,22739,14640,9.8,4.06,6.39,126414.1,11.75,9.59
2008,IDBI BANK LIMITED,9.17,44.94,0.58,0.67,8.52,4.69,11.95,1.3,14.08,-6.23,20328,34727,43325,3.89,4.12,8.32,162904.2,12,10.68
2009,IDBI BANK LIMITED,7.64,44.53,0.82,0.62,9.41,5.3,11.57,0.92,14.36,-5.63,-15017,41707,8311,8.48,3.75,10.83,185295,12.13,9.03
2010,IDBI BANK LIMITED,8.29,43.74,1.11,0.53,10.53,6.85,11.31,1.02,14.66,-4.69,29048,33108,50361,10.26,3.54,12.11,178751.4,12.09,10.83
2011,IDBI BANK LIMITED,10.84,37.83,1.75,0.73,13.35,6.71,13.64,1.06,14.75,-3.76,29422,27829,41597,6.64,3.53,8.87,251136,12.43,10.64
2012,IDBI BANK LIMITED,7.17,39.51,1.67,0.83,11.95,6.99,14.58,1.61,14.88,-3.87,16813,32955,39177,5.46,3.62,9.3,305963.9,12.63,10.58
2013,IDBI BANK LIMITED,4.64,43.5,1.75,0.72,9.26,5.86,13.13,1.58,14.99,-3.03,27582,26953,46710,6.39,3.46,10.92,300400.7,12.61,10.75
2014,IDBI BANK LIMITED,5.39,44.01,1.85,0.41,5,6,11.68,2.48,15.01,-3.45,5009,30762,26385,7.41,3.41,6.37,314415.7,12.66,10.18
2015,IDBI BANK LIMITED,5.06,37.6,1.68,0.29,3.64,6.22,11.76,2.88,15.09,-4.67,40923,35284,73457,8.15,3.49,5.88,310338.5,12.65,11.2
2016,IDBI BANK LIMITED,5.2,35,1.66,-1.09,-14.08,6.24,11.67,6.78,15.14,-4.55,-4016,44907,31891,7.11,3.51,4.97,262290.1,12.48,10.37
2017,IDBI BANK LIMITED,4.97,34.61,1.56,-1.37,-20.52,7.07,10.7,13.21,15.1,-2.94,7766,42215,43224,6.68,3.52,2.49,276547,12.53,10.67
2018,IDBI BANK LIMITED,5.31,36.95,1.58,-2.46,-37.64,6.39,10.41,16.69,15.07,-5.14,22165,39431,52401,7.3,3.53,4.85,303526.2,12.62,10.87
2005,INDIAN OVERSEAS BANK          ,9.44,42.98,3.78,1.28,27.98,9.04,14.2,1.27,13.14,-4.5,8686,5986,13003,9.28,4.4,4.25,83535.9,11.33,9.47
2006,INDIAN OVERSEAS BANK          ,6.09,37.51,3.75,1.32,27.23,8.81,13.04,0.65,13.29,-3.87,9926,8900,15525,9.26,4.24,5.79,103090.5,11.54,9.65
2007,INDIAN OVERSEAS BANK          ,6.82,34.88,3.62,1.36,28.14,7.94,13.27,0.55,13.62,-6.81,3225,22739,14640,9.8,4.06,6.39,126414.1,11.75,9.59
2008,INDIAN OVERSEAS BANK          ,10.82,33.77,2.66,1.3,27.15,7.65,11.93,0.6,13.83,-6.03,20328,34727,43325,3.89,4.12,8.32,162904.2,12,10.68
2009,INDIAN OVERSEAS BANK          ,5.93,31.18,2.57,1.17,22.07,7.23,13.2,1.33,14.01,-6.92,-15017,41707,8311,8.48,3.75,10.83,185295,12.13,9.03
2010,INDIAN OVERSEAS BANK          ,6.92,33.98,2.51,0.53,9.63,6.92,14.78,2.52,14.09,-4.48,29048,33108,50361,10.26,3.54,12.11,178751.4,12.09,10.83
2011,INDIAN OVERSEAS BANK          ,6.89,33.47,2.72,0.71,12.73,6.88,14.55,1.19,14.4,-3.62,29422,27829,41597,6.64,3.53,8.87,251136,12.43,10.64
2012,INDIAN OVERSEAS BANK          ,5.72,31.14,2.52,0.52,9.88,7.57,13.32,1.35,14.6,-3.36,16813,32955,39177,5.46,3.62,9.3,305963.9,12.63,10.58
2013,INDIAN OVERSEAS BANK          ,4.87,30.38,2.26,0.24,4.47,7.48,11.85,2.5,14.71,-2.38,27582,26953,46710,6.39,3.46,10.92,300400.7,12.61,10.75
2014,INDIAN OVERSEAS BANK          ,5.15,30.81,2.15,0.23,4.06,7.58,10.78,3.2,14.83,-4.57,5009,30762,26385,7.41,3.41,6.37,314415.7,12.66,10.18
2015,INDIAN OVERSEAS BANK          ,5.14,32.23,1.92,-0.16,-2.86,7.32,10.11,5.68,14.87,-2.22,40923,35284,73457,8.15,3.49,5.88,310338.5,12.65,11.2
2016,INDIAN OVERSEAS BANK          ,6.25,35.27,1.92,-0.97,-18.51,8.18,9.67,11.89,14.83,-3.05,-4016,44907,31891,7.11,3.51,4.97,262290.1,12.48,10.37
2017,INDIAN OVERSEAS BANK          ,5.44,33.9,1.99,-1.21,-23.23,6.91,10.49,13.99,14.72,-1.85,7766,42215,43224,6.68,3.52,2.49,276547,12.53,10.67
2018,INDIAN OVERSEAS BANK          ,5.34,31.66,2.21,-2.33,-46.63,6.84,9.26,15.33,14.72,-1.68,22165,39431,52401,7.3,3.53,4.85,303526.2,12.62,10.87
2005,INDUSIND BANK ,4.85,31.03,2.71,1.5,25.79,7.16,11.62,2.71,11.96,-5.38,8686,5986,13003,9.28,4.4,4.25,83535.9,11.33,9.47
2006,INDUSIND BANK ,4.03,36.05,1.9,0.22,4.34,6.56,10.54,2.09,12.08,-3.36,9926,8900,15525,9.26,4.24,5.79,103090.5,11.54,9.65
2007,INDUSIND BANK ,5.79,33.39,1.41,0.34,7.1,6.94,12.54,2.47,12.25,-5.23,3225,22739,14640,9.8,4.06,6.39,126414.1,11.75,9.59
2008,INDUSIND BANK ,8.02,34.82,1.36,0.34,6.24,6.44,11.91,2.27,12.36,-4.78,20328,34727,43325,3.89,4.12,8.32,162904.2,12,10.68
2009,INDUSIND BANK ,5.39,36.56,1.8,0.58,9.84,6.57,12.55,1.14,12.53,-6.35,-15017,41707,8311,8.48,3.75,10.83,185295,12.13,9.03
2010,INDUSIND BANK ,7.86,38.94,2.81,1.14,17.25,6.05,15.33,0.5,12.78,-4.25,29048,33108,50361,10.26,3.54,12.11,178751.4,12.09,10.83
2011,INDUSIND BANK ,7.15,39.43,3.4,1.46,17.91,6.12,15.89,0.28,13.03,-3.31,29422,27829,41597,6.64,3.53,8.87,251136,12.43,10.64
2012,INDUSIND BANK ,6.85,34.4,3.3,1.57,18.26,7.67,13.85,0.27,13.26,-3.83,16813,32955,39177,5.46,3.62,9.3,305963.9,12.63,10.58
2013,INDUSIND BANK ,6.01,36.32,3.41,1.63,17.15,7.49,15.36,0.31,13.5,-2.91,27582,26953,46710,6.39,3.46,10.92,300400.7,12.61,10.75
2014,INDUSIND BANK ,7.3,35.64,3.61,1.81,16.89,7.17,13.83,0.33,13.68,-3.66,5009,30762,26385,7.41,3.41,6.37,314415.7,12.66,10.18
2015,INDUSIND BANK ,5.44,30.86,3.44,1.9,18.22,7.15,12.09,0.31,13.93,-3.86,40923,35284,73457,8.15,3.49,5.88,310338.5,12.65,11.2
2016,INDUSIND BANK ,4.86,36.62,3.55,1.91,16.14,7.26,15.5,0.36,14.17,-3.1,-4016,44907,31891,7.11,3.51,4.97,262290.1,12.48,10.37
2017,INDUSIND BANK ,6.12,29,3.77,1.86,14.96,6.97,15.31,0.39,14.4,-2.9,7766,42215,43224,6.68,3.52,2.49,276547,12.53,10.67
2018,INDUSIND BANK ,7.23,33.02,3.75,1.9,16.21,7.09,15.03,0.51,14.61,-2.87,22165,39431,52401,7.3,3.53,4.85,303526.2,12.62,10.87
2005,JAMMU & KASHMIR BANK LTD,7.74,41.73,2.61,0.47,7.06,7.38,15.15,1.41,12.41,-4.53,8686,5986,13003,9.28,4.4,4.25,83535.9,11.33,9.47
2006,JAMMU & KASHMIR BANK LTD,3.99,38.3,2.61,0.67,10.21,6.23,13.52,0.92,12.49,-2.94,9926,8900,15525,9.26,4.24,5.79,103090.5,11.54,9.65
2007,JAMMU & KASHMIR BANK LTD,7.36,29.34,2.79,0.96,14.42,6.2,13.24,1.13,12.57,-3.66,3225,22739,14640,9.8,4.06,6.39,126414.1,11.75,9.59
2008,JAMMU & KASHMIR BANK LTD,11.26,30.63,2.64,1.09,16.79,6.7,12.8,1.07,12.7,-3.3,20328,34727,43325,3.89,4.12,8.32,162904.2,12,10.68
2009,JAMMU & KASHMIR BANK LTD,6.98,32.53,2.79,1.09,16.72,6.62,14.48,1.38,12.84,-4.73,-15017,41707,8311,8.48,3.75,10.83,185295,12.13,9.03
2010,JAMMU & KASHMIR BANK LTD,7.37,37.48,2.79,1.2,18.19,5.71,15.89,0.28,12.96,-3.38,29048,33108,50361,10.26,3.54,12.11,178751.4,12.09,10.83
2011,JAMMU & KASHMIR BANK LTD,6.66,44.09,3.32,1.22,18.96,6.34,13.72,0.2,13.13,-2.72,29422,27829,41597,6.64,3.53,8.87,251136,12.43,10.64
2012,JAMMU & KASHMIR BANK LTD,5.22,40.54,3.32,1.56,21.22,6.79,13.36,0.15,13.31,-2.37,16813,32955,39177,5.46,3.62,9.3,305963.9,12.63,10.58
2013,JAMMU & KASHMIR BANK LTD,4.2,40.08,3.51,1.7,23.56,7.27,12.83,0.14,13.48,-2.13,27582,26953,46710,6.39,3.46,10.92,300400.7,12.61,10.75
2014,JAMMU & KASHMIR BANK LTD,4.39,37.78,3.57,1.74,22.34,6.49,12.69,0.22,13.57,-2.89,5009,30762,26385,7.41,3.41,6.37,314415.7,12.66,10.18
2015,JAMMU & KASHMIR BANK LTD,3.61,34.61,3.43,0.7,8.6,7.11,12.57,2.77,13.54,-3.73,40923,35284,73457,8.15,3.49,5.88,310338.5,12.65,11.2
2016,JAMMU & KASHMIR BANK LTD,4.51,29.33,3.47,0.57,6.64,7.64,11.81,4.31,13.6,-2.76,-4016,44907,31891,7.11,3.51,4.97,262290.1,12.48,10.37
2017,JAMMU & KASHMIR BANK LTD,4.96,29.38,3.1,-2.04,-26.98,8.56,10.8,4.87,13.62,-3.8,7766,42215,43224,6.68,3.52,2.49,276547,12.53,10.67
2018,JAMMU & KASHMIR BANK LTD,5.41,23.6,3.34,0.25,3.42,7.13,11.42,4.89,13.71,-2.85,22165,39431,52401,7.3,3.53,4.85,303526.2,12.62,10.87
2005,KARNATAKA BANK LTD,6.35,42.04,2.74,1.27,17.56,7.56,14.16,2.29,11.74,-3.29,8686,5986,13003,9.28,4.4,4.25,83535.9,11.33,9.47
2006,KARNATAKA BANK LTD,4.04,41.9,2.66,1.28,16.85,7.37,11.78,1.18,11.92,-2.93,9926,8900,15525,9.26,4.24,5.79,103090.5,11.54,9.65
2007,KARNATAKA BANK LTD,5.89,35.96,2.69,1.15,15.07,7.79,11.03,1.22,12,-2.86,3225,22739,14640,9.8,4.06,6.39,126414.1,11.75,9.59
2008,KARNATAKA BANK LTD,8.71,37.18,2.58,1.37,18.47,7.58,12.17,0.98,12.17,-3.11,20328,34727,43325,3.89,4.12,8.32,162904.2,12,10.68
2009,KARNATAKA BANK LTD,6.71,44.07,2.39,1.25,18.1,7.13,13.48,0.98,12.34,-3.24,-15017,41707,8311,8.48,3.75,10.83,185295,12.13,9.03
2010,KARNATAKA BANK LTD,7.35,42.11,1.08,0.67,9.83,5.97,12.37,1.31,12.51,-2.65,29048,33108,50361,10.26,3.54,12.11,178751.4,12.09,10.83
2011,KARNATAKA BANK LTD,7.1,42.09,2.09,0.72,9.6,5.97,13.33,1.62,12.67,-2.54,29422,27829,41597,6.64,3.53,8.87,251136,12.43,10.64
2012,KARNATAKA BANK LTD,5.39,40.63,2.15,0.73,9.79,6.05,12.84,2.11,12.8,-2.31,16813,32955,39177,5.46,3.62,9.3,305963.9,12.63,10.58
2013,KARNATAKA BANK LTD,4.76,37.25,2.32,0.89,12.76,7.14,13.22,1.51,12.94,-2,27582,26953,46710,6.39,3.46,10.92,300400.7,12.61,10.75
2014,KARNATAKA BANK LTD,5.3,37.52,2.39,0.71,10.53,7.13,13.2,1.91,13.06,-2.69,5009,30762,26385,7.41,3.41,6.37,314415.7,12.66,10.18
2015,KARNATAKA BANK LTD,5.41,30.5,2.36,0.91,14.02,7.42,12.41,1.98,13.16,-2.1,40923,35284,73457,8.15,3.49,5.88,310338.5,12.65,11.2
2016,KARNATAKA BANK LTD,5.24,32.2,2.41,0.76,11.73,7.86,12.03,2.35,13.24,-2.24,-4016,44907,31891,7.11,3.51,4.97,262290.1,12.48,10.37
2017,KARNATAKA BANK LTD,5.16,35.64,2.47,0.74,10.24,6.97,13.3,2.64,13.37,-2.2,7766,42215,43224,6.68,3.52,2.49,276547,12.53,10.67
2018,KARNATAKA BANK LTD,5.64,24.57,2.76,0.49,6.17,6.51,12.04,2.96,13.46,-3.06,22165,39431,52401,7.3,3.53,4.85,303526.2,12.62,10.87
2005,KARUR VYSYA BANK,5.72,33.26,3.42,1.45,14.3,8.65,16.07,1.66,11.28,-3.53,8686,5986,13003,9.28,4.4,4.25,83535.9,11.33,9.47
2006,KARUR VYSYA BANK,6.21,30.33,3.35,1.65,16.58,8.28,14.79,0.81,11.41,-3.41,9926,8900,15525,9.26,4.24,5.79,103090.5,11.54,9.65
2007,KARUR VYSYA BANK,6.37,30.77,3.46,1.53,16.54,8.44,14.51,0.23,11.62,-4.02,3225,22739,14640,9.8,4.06,6.39,126414.1,11.75,9.59
2008,KARUR VYSYA BANK,8.76,28.1,2.66,1.63,18.49,7.36,12.58,0.18,11.89,-6.24,20328,34727,43325,3.89,4.12,8.32,162904.2,12,10.68
2009,KARUR VYSYA BANK,6.38,31.23,2.59,1.49,18.57,6.71,14.92,0.25,12.05,-7.32,-15017,41707,8311,8.48,3.75,10.83,185295,12.13,9.03
2010,KARUR VYSYA BANK,6.22,34.26,2.9,1.76,22.63,7,14.49,0.23,12.3,-4.78,29048,33108,50361,10.26,3.54,12.11,178751.4,12.09,10.83
2011,KARUR VYSYA BANK,6.79,31.27,3.06,1.71,22.26,7.31,14.41,0.07,12.55,-2.92,29422,27829,41597,6.64,3.53,8.87,251136,12.43,10.64
2012,KARUR VYSYA BANK,5.98,32.72,2.79,1.56,20.81,7.85,14.33,0.33,12.84,-2.98,16813,32955,39177,5.46,3.62,9.3,305963.9,12.63,10.58
2013,KARUR VYSYA BANK,4.21,35.8,2.75,1.35,19,7.81,14.41,0.37,13.05,-2.44,27582,26953,46710,6.39,3.46,10.92,300400.7,12.61,10.75
2014,KARUR VYSYA BANK,5.82,30.27,2.61,0.86,13.4,8.84,12.59,0.41,13.15,-3.06,5009,30762,26385,7.41,3.41,6.37,314415.7,12.66,10.18
2015,KARUR VYSYA BANK,6.03,27.69,2.8,0.88,12.26,9.04,14.62,0.78,13.18,-2.03,40923,35284,73457,8.15,3.49,5.88,310338.5,12.65,11.2
2016,KARUR VYSYA BANK,5.05,28.84,3.18,1.03,12.87,8.17,12.17,0.55,13.29,-2.58,-4016,44907,31891,7.11,3.51,4.97,262290.1,12.48,10.37
2017,KARUR VYSYA BANK,5.2,27.67,3.43,1,12.61,7.55,12.54,2.53,13.33,-1.73,7766,42215,43224,6.68,3.52,2.49,276547,12.53,10.67
2018,KARUR VYSYA BANK,5.2,27.78,3.57,0.53,6.12,7.32,14.43,4.16,13.41,-1.59,22165,39431,52401,7.3,3.53,4.85,303526.2,12.62,10.87
2005,KOTAK MAHINDRA BANK LTD    ,5.55,42.49,3.66,1.56,12.46,3.86,12.8,0.37,11.08,-4.92,8686,5986,13003,9.28,4.4,4.25,83535.9,11.33,9.47
2006,KOTAK MAHINDRA BANK LTD    ,6.38,43.49,4.55,1.39,14.58,7.19,11.27,0.24,11.53,-3.68,9926,8900,15525,9.26,4.24,5.79,103090.5,11.54,9.65
2007,KOTAK MAHINDRA BANK LTD    ,6.83,62.38,4.12,0.94,11.19,5.78,13.46,1.98,12.2,-4.12,3225,22739,14640,9.8,4.06,6.39,126414.1,11.75,9.59
2008,KOTAK MAHINDRA BANK LTD    ,10.25,55.66,5.08,1.1,11.19,8.85,18.65,1.78,12.55,-3.73,20328,34727,43325,3.89,4.12,8.32,162904.2,12,10.68
2009,KOTAK MAHINDRA BANK LTD    ,6.36,58.23,5.33,1.03,7.36,6.12,20.01,2.39,12.57,-5.81,-15017,41707,8311,8.48,3.75,10.83,185295,12.13,9.03
2010,KOTAK MAHINDRA BANK LTD    ,8.73,52.38,5.62,1.72,13.29,6.72,18.35,1.73,12.83,-4.08,29048,33108,50361,10.26,3.54,12.11,178751.4,12.09,10.83
2011,KOTAK MAHINDRA BANK LTD    ,7.2,58.51,4.75,1.77,14.39,6.46,19.92,0.72,13.14,-3.6,29422,27829,41597,6.64,3.53,8.87,251136,12.43,10.64
2012,KOTAK MAHINDRA BANK LTD    ,5.23,55.96,4.31,1.83,14.65,6.75,17.52,0.61,13.39,-3.28,16813,32955,39177,5.46,3.62,9.3,305963.9,12.63,10.58
2013,KOTAK MAHINDRA BANK LTD    ,4.33,56.58,4.29,1.81,15.6,7.41,16.05,0.64,13.64,-4.06,27582,26953,46710,6.39,3.46,10.92,300400.7,12.61,10.75
2014,KOTAK MAHINDRA BANK LTD    ,4.99,43.14,4.34,1.8,13.82,7.54,18.83,1.08,13.68,-4.49,5009,30762,26385,7.41,3.41,6.37,314415.7,12.66,10.18
2015,KOTAK MAHINDRA BANK LTD    ,5.25,38.28,4.36,1.98,14.12,7.88,17.17,0.92,13.87,-3.63,40923,35284,73457,8.15,3.49,5.88,310338.5,12.65,11.2
2016,KOTAK MAHINDRA BANK LTD.,4.98,36.97,4.63,1.19,10.97,8.65,16.34,1.06,14.47,-3.83,-4016,44907,31891,7.11,3.51,4.97,262290.1,12.48,10.37
2017,KOTAK MAHINDRA BANK LTD.,4.76,28.63,3.99,1.73,13.23,7.64,16.77,1.26,14.58,-3.19,7766,42215,43224,6.68,3.52,2.49,276547,12.53,10.67
2018,KOTAK MAHINDRA BANK LTD.,4.62,33.51,3.98,1.73,12.55,7.17,18.22,0.98,14.79,-3.07,22165,39431,52401,7.3,3.53,4.85,303526.2,12.62,10.87
2005,LAKSHMI VILAS BANK,7.4,33.78,2.71,0.08,1.46,8.54,11.32,4.98,10.61,-4.28,8686,5986,13003,9.28,4.4,4.25,83535.9,11.33,9.47
2006,LAKSHMI VILAS BANK,4.61,29.51,2.35,0.53,8.63,7.75,10.79,1.89,10.8,-3.17,9926,8900,15525,9.26,4.24,5.79,103090.5,11.54,9.65
2007,LAKSHMI VILAS BANK,5.7,26.08,2.22,0.33,5.12,6.89,12.43,1.58,10.97,-4.64,3225,22739,14640,9.8,4.06,6.39,126414.1,11.75,9.59
2008,LAKSHMI VILAS BANK,6.86,30.14,2.01,0.41,6.21,6.87,12.73,1.55,11.09,-4.84,20328,34727,43325,3.89,4.12,8.32,162904.2,12,10.68
2009,LAKSHMI VILAS BANK,8.04,25.31,2.07,0.71,11.54,7.09,10.29,1.24,11.33,-4.18,-15017,41707,8311,8.48,3.75,10.83,185295,12.13,9.03
2010,LAKSHMI VILAS BANK,8.27,32.87,2.65,0.33,5.14,7.54,14.82,4.11,11.56,-3.67,29048,33108,50361,10.26,3.54,12.11,178751.4,12.09,10.83
2011,LAKSHMI VILAS BANK,8.46,31.56,3.07,0.91,12.4,7.07,13.19,0.9,11.8,-3.15,29422,27829,41597,6.64,3.53,8.87,251136,12.43,10.64
2012,LAKSHMI VILAS BANK,5.74,31.14,2.52,0.73,11.56,8.19,13.1,1.74,11.99,-3.15,16813,32955,39177,5.46,3.62,9.3,305963.9,12.63,10.58
2013,LAKSHMI VILAS BANK,4.66,27.69,2.32,0.54,9.28,7.82,12.32,2.43,12.08,-3.22,27582,26953,46710,6.39,3.46,10.92,300400.7,12.61,10.75
2014,LAKSHMI VILAS BANK,6.42,30.63,2.54,0.32,5.77,7.64,10.9,3.44,12.24,-3.08,5009,30762,26385,7.41,3.41,6.37,314415.7,12.66,10.18
2015,LAKSHMI VILAS BANK,5.21,27.55,2.32,0.61,10.14,8.18,11.34,1.85,12.42,-2.25,40923,35284,73457,8.15,3.49,5.88,310338.5,12.65,11.2
2016,LAKSHMI VILAS BANK,5.06,25.74,2.42,0.69,10.86,8.25,10.67,1.18,12.57,-2.38,-4016,44907,31891,7.11,3.51,4.97,262290.1,12.48,10.37
2017,LAKSHMI VILAS BANK,4.76,28.32,2.45,0.83,13.13,7.6,10.38,1.76,12.77,-2.18,7766,42215,43224,6.68,3.52,2.49,276547,12.53,10.67
2018,LAKSHMI VILAS BANK,5.1,32.33,2.09,-1.57,-26.2,7.14,9.81,5.66,12.91,-3.07,22165,39431,52401,7.3,3.53,4.85,303526.2,12.62,10.87
2005,ORIENTAL BANK OF COMMERCE,13.48,38.33,3.21,2.01,24.19,9.52,9.21,1.29,13.2,-4.97,8686,5986,13003,9.28,4.4,4.25,83535.9,11.33,9.47
2006,ORIENTAL BANK OF COMMERCE,8.49,33.5,2.84,1.39,13.11,9.19,11.04,0.49,13.29,-3.42,9926,8900,15525,9.26,4.24,5.79,103090.5,11.54,9.65
2007,ORIENTAL BANK OF COMMERCE,8.34,30.95,2.55,1.21,10.78,8.73,12.51,0.49,13.51,-4.49,3225,22739,14640,9.8,4.06,6.39,126414.1,11.75,9.59
2008,ORIENTAL BANK OF COMMERCE,9.4,30.76,2.03,1.02,6.21,8.43,12.12,0.99,13.72,-5.43,20328,34727,43325,3.89,4.12,8.32,162904.2,12,10.68
2009,ORIENTAL BANK OF COMMERCE,6.99,28.96,1.96,0.88,13.51,8.17,12.98,0.65,13.93,-6.06,-15017,41707,8311,8.48,3.75,10.83,185295,12.13,9.03
2010,ORIENTAL BANK OF COMMERCE,6.72,29.76,2.33,0.91,14.51,7.66,12.54,0.87,14.13,-4.06,29048,33108,50361,10.26,3.54,12.11,178751.4,12.09,10.83
2011,ORIENTAL BANK OF COMMERCE,6.84,35.63,2.8,1.03,15.55,7.26,14.23,0.98,14.29,-4.08,29422,27829,41597,6.64,3.53,8.87,251136,12.43,10.64
2012,ORIENTAL BANK OF COMMERCE,5.43,33.41,2.49,0.67,9.91,7.22,12.69,2.21,14.39,-4.25,16813,32955,39177,5.46,3.62,9.3,305963.9,12.63,10.58
2013,ORIENTAL BANK OF COMMERCE,4.65,33.29,2.49,0.71,10.74,6.97,12.04,2.27,14.51,-3.68,27582,26953,46710,6.39,3.46,10.92,300400.7,12.61,10.75
2014,ORIENTAL BANK OF COMMERCE,5.16,31.77,2.44,0.56,8.7,7.18,11.01,2.82,14.61,-5.18,5009,30762,26385,7.41,3.41,6.37,314415.7,12.66,10.18
2015,ORIENTAL BANK OF COMMERCE,4.99,30.41,2.26,0.23,3.65,6.99,11.41,3.34,14.65,-4.7,40923,35284,73457,8.15,3.49,5.88,310338.5,12.65,11.2
2016,ORIENTAL BANK OF COMMERCE,4.52,31.7,2.29,0.07,1.09,7.58,11.76,6.7,14.69,-5.05,-4016,44907,31891,7.11,3.51,4.97,262290.1,12.48,10.37
2017,ORIENTAL BANK OF COMMERCE,4.93,27,1.99,-0.46,-7.53,8.01,11.64,8.96,14.74,-3.67,7766,42215,43224,6.68,3.52,2.49,276547,12.53,10.67
2018,ORIENTAL BANK OF COMMERCE,5.91,33.71,1.85,-2.31,-45.33,7.46,10.5,10.48,14.66,-4.34,22165,39431,52401,7.3,3.53,4.85,303526.2,12.62,10.87
2005,PUNJAB NATIONAL BANK          ,9.17,49.12,3.51,1.17,21.41,8.56,14.78,0.2,14.05,-4.91,8686,5986,13003,9.28,4.4,4.25,83535.9,11.33,9.47
2006,PUNJAB NATIONAL BANK          ,19.55,34.3,3.44,1.09,16.41,8.79,11.95,0.29,14.19,-2.85,9926,8900,15525,9.26,4.24,5.79,103090.5,11.54,9.65
2007,PUNJAB NATIONAL BANK          ,8.85,32.31,3.39,1.03,15.55,7.63,12.29,0.76,14.3,-3.8,3225,22739,14640,9.8,4.06,6.39,126414.1,11.75,9.59
2008,PUNJAB NATIONAL BANK          ,9.17,32.44,3.06,1.15,18.01,7.28,13.46,0.64,14.5,-4.89,20328,34727,43325,3.89,4.12,8.32,162904.2,12,10.68
2009,PUNJAB NATIONAL BANK          ,8.13,30.22,3.06,1.39,22.92,7.27,14.03,0.17,14.72,-5.61,-15017,41707,8311,8.48,3.75,10.83,185295,12.13,9.03
2010,PUNJAB NATIONAL BANK          ,7.35,31.17,3.12,1.44,24.12,6.46,14.16,0.53,14.9,-3.19,29048,33108,50361,10.26,3.54,12.11,178751.4,12.09,10.83
2011,PUNJAB NATIONAL BANK          ,7.6,30.41,3.5,1.34,22.6,6.52,12.42,0.85,15.15,-2.4,29422,27829,41597,6.64,3.53,8.87,251136,12.43,10.64
2012,PUNJAB NATIONAL BANK          ,4.87,32.33,3.21,1.19,19.8,7.1,12.63,1.52,15.34,-3.65,16813,32955,39177,5.46,3.62,9.3,305963.9,12.63,10.58
2013,PUNJAB NATIONAL BANK          ,4.57,33.17,3.17,1,15.7,7.55,12.72,2.35,15.38,-3.06,27582,26953,46710,6.39,3.46,10.92,300400.7,12.61,10.75
2014,PUNJAB NATIONAL BANK          ,4.93,31.85,3.14,0.64,9.75,7.5,11.52,2.85,15.52,-4.55,5009,30762,26385,7.41,3.41,6.37,314415.7,12.66,10.18
2015,PUNJAB NATIONAL BANK          ,4.83,29.89,2.87,0.53,8.17,7.22,12.21,4.06,15.61,-3.49,40923,35284,73457,8.15,3.49,5.88,310338.5,12.65,11.2
2016,PUNJAB NATIONAL BANK          ,4.79,28.54,2.41,-0.61,-10.27,7.82,11.28,8.61,15.71,-4.13,-4016,44907,31891,7.11,3.51,4.97,262290.1,12.48,10.37
2017,PUNJAB NATIONAL BANK          ,4.05,30.03,2.16,0.19,3.3,7.3,11.66,7.81,15.79,-3.47,7766,42215,43224,6.68,3.52,2.49,276547,12.53,10.67
2018,PUNJAB NATIONAL BANK          ,4.48,31.19,2.01,-1.6,-29.54,7.21,9.2,11.24,15.85,-3.94,22165,39431,52401,7.3,3.53,4.85,303526.2,12.62,10.87
2005,SBIN,4.58,53.7,3.21,0.99,19.43,8.37,12.45,2.65,15.34,-3.82,8686,5986,13003,9.28,4.4,4.25,83535.9,11.33,9.47
2006,SBIN,5.7,42.77,3.27,0.89,17.04,7.77,11.88,1.88,15.41,-2.5,9926,8900,15525,9.26,4.24,5.79,103090.5,11.54,9.65
2007,SBIN,6.68,34.25,2.84,0.84,15.41,6.71,12.34,1.56,15.55,-3.85,3225,22739,14640,9.8,4.06,6.39,126414.1,11.75,9.59
2008,SBIN,9.59,35.26,2.64,1.01,16.75,7.05,13.54,1.78,15.79,-4.35,20328,34727,43325,3.89,4.12,8.32,162904.2,12,10.68
2009,SBIN,7.49,37.19,2.48,1.04,17.05,6.69,14.25,1.79,16.08,-6.05,-15017,41707,8311,8.48,3.75,10.83,185295,12.13,9.03
2010,SBIN,7.62,36.78,2.35,0.88,14.8,6.2,13.39,1.72,16.17,-3.47,29048,33108,50361,10.26,3.54,12.11,178751.4,12.09,10.83
2011,SBIN,10.11,31.65,2.86,0.71,12.62,6.71,11.98,1.63,16.32,-3.37,29422,27829,41597,6.64,3.53,8.87,251136,12.43,10.64
2012,SBIN,5.18,29.91,3.38,0.88,15.72,7.88,13.86,1.82,16.41,-3.65,16813,32955,39177,5.46,3.62,9.3,305963.9,12.63,10.58
2013,SBIN,5.47,29.17,3.06,0.97,15.43,8.2,12.92,2.1,16.57,-3.3,27582,26953,46710,6.39,3.46,10.92,300400.7,12.61,10.75
2014,SBIN,6.09,28.6,2.93,0.65,10.03,8.52,12.44,2.57,16.7,-2.89,5009,30762,26385,7.41,3.41,6.37,314415.7,12.66,10.18
2015,SBIN,7.35,30.55,2.86,0.68,10.62,8.03,12,2.12,16.83,-2.63,40923,35284,73457,8.15,3.49,5.88,310338.5,12.65,11.2
2016,SBIN,7.49,33.26,2.6,0.46,7.3,8,13.12,3.81,16.98,-3.36,-4016,44907,31891,7.11,3.51,4.97,262290.1,12.48,10.37
2017,SBIN,6.26,37.46,2.44,0.41,6.31,7.19,13.11,3.71,17.11,-2.67,7766,42215,43224,6.68,3.52,2.49,276547,12.53,10.67
2018,SBIN,5.56,39.2,2.43,-0.19,-3.21,7.7,12.6,5.73,17.36,-2.63,22165,39431,52401,7.3,3.53,4.85,303526.2,12.62,10.87
2005,SOUTH INDIAN BANK,5.1,36.9,2.74,0.09,2.05,7.26,9.89,3.81,11.46,-5.4,8686,5986,13003,9.28,4.4,4.25,83535.9,11.33,9.47
2006,SOUTH INDIAN BANK,5.7,28.6,3.06,0.53,9.29,6.37,13.02,1.86,11.59,-3.68,9926,8900,15525,9.26,4.24,5.79,103090.5,11.54,9.65
2007,SOUTH INDIAN BANK,5.72,28.03,3,0.88,15.26,7.09,11.08,0.98,11.82,-3.51,3225,22739,14640,9.8,4.06,6.39,126414.1,11.75,9.59
2008,SOUTH INDIAN BANK,6.42,30.17,2.45,1.01,16.09,6.82,13.8,0.33,12.05,-4.69,20328,34727,43325,3.89,4.12,8.32,162904.2,12,10.68
2009,SOUTH INDIAN BANK,5.51,33.58,2.79,1.09,15.8,6.74,14.76,1.13,12.22,-5,-15017,41707,8311,8.48,3.75,10.83,185295,12.13,9.03
2010,SOUTH INDIAN BANK,6.04,31.1,2.48,1.07,16.76,5.71,15.39,0.39,12.45,-3.83,29048,33108,50361,10.26,3.54,12.11,178751.4,12.09,10.83
2011,SOUTH INDIAN BANK,6.15,30.03,2.71,1.05,17.56,5.99,14.01,0.29,12.7,-2.86,29422,27829,41597,6.64,3.53,8.87,251136,12.43,10.64
2012,SOUTH INDIAN BANK,4.31,25.75,2.79,1.12,19.99,6.78,14,0.28,12.91,-2.7,16813,32955,39177,5.46,3.62,9.3,305963.9,12.63,10.58
2013,SOUTH INDIAN BANK,3.83,28.29,2.84,1.17,19.41,6.81,13.91,0.78,13.12,-2.7,27582,26953,46710,6.39,3.46,10.92,300400.7,12.61,10.75
2014,SOUTH INDIAN BANK,4.63,30.22,2.67,1,15.92,7.1,12.42,0.78,13.22,-2.4,5009,30762,26385,7.41,3.41,6.37,314415.7,12.66,10.18
2015,SOUTH INDIAN BANK,4.7,27.13,2.39,0.56,8.82,6.65,12.01,0.96,13.29,-3.12,40923,35284,73457,8.15,3.49,5.88,310338.5,12.65,11.2
2016,SOUTH INDIAN BANK,4.44,26.46,2.46,0.55,8.96,6.99,11.82,2.89,13.36,-2.75,-4016,44907,31891,7.11,3.51,4.97,262290.1,12.48,10.37
2017,SOUTH INDIAN BANK,4.66,29.39,2.43,0.57,9.03,7.22,12.37,1.45,13.52,-2.57,7766,42215,43224,6.68,3.52,2.49,276547,12.53,10.67
2018,SOUTH INDIAN BANK,4.52,25.49,2.5,0.43,6.64,6.72,12.7,2.6,13.63,-3.18,22165,39431,52401,7.3,3.53,4.85,303526.2,12.62,10.87
2005,SYNDICATE BANK                ,5.81,44,3.41,0.82,19.64,8.2,10.7,1.59,13.16,-4.29,8686,5986,13003,9.28,4.4,4.25,83535.9,11.33,9.47
2006,SYNDICATE BANK                ,5.87,32.2,3.32,0.91,21.32,6.51,11.73,0.86,13.32,-3.54,9926,8900,15525,9.26,4.24,5.79,103090.5,11.54,9.65
2007,SYNDICATE BANK                ,8.36,32.09,2.86,0.91,22.17,8.02,11.74,0.76,13.7,-5.42,3225,22739,14640,9.8,4.06,6.39,126414.1,11.75,9.59
2008,SYNDICATE BANK                ,10.9,29.5,2.11,0.88,21.42,7.77,11.82,0.97,13.88,-5.14,20328,34727,43325,3.89,4.12,8.32,162904.2,12,10.68
2009,SYNDICATE BANK                ,10.82,26.35,2.15,0.81,19.63,6.92,12.68,0.77,14.08,-4,-15017,41707,8311,8.48,3.75,10.83,185295,12.13,9.03
2010,SYNDICATE BANK                ,6.14,28.21,2.03,0.62,15.29,7.14,12.7,1.07,14.15,-3.56,29048,33108,50361,10.26,3.54,12.11,178751.4,12.09,10.83
2011,SYNDICATE BANK                ,7.7,25.86,2.97,0.76,16.53,6.49,13.04,0.97,14.26,-3.65,29422,27829,41597,6.64,3.53,8.87,251136,12.43,10.64
2012,SYNDICATE BANK                ,5.58,25.84,3,0.81,16.32,7.21,12.24,0.96,14.42,-4.04,16813,32955,39177,5.46,3.62,9.3,305963.9,12.63,10.58
2013,SYNDICATE BANK                ,4.37,24.63,2.74,1.07,20.47,7.47,12.59,0.76,14.58,-3.62,27582,26953,46710,6.39,3.46,10.92,300400.7,12.61,10.75
2014,SYNDICATE BANK                ,5.99,26.16,2.37,0.78,15.29,7.48,11.41,1.56,14.74,-4.71,5009,30762,26385,7.41,3.41,6.37,314415.7,12.66,10.18
2015,SYNDICATE BANK                ,4.69,27.15,1.99,0.58,12.23,7.83,10.54,1.9,14.92,-4.5,40923,35284,73457,8.15,3.49,5.88,310338.5,12.65,11.2
2016,SYNDICATE BANK                ,5.1,26.22,1.96,-0.56,-12.94,7.66,11.16,4.48,14.94,-4.33,-4016,44907,31891,7.11,3.51,4.97,262290.1,12.48,10.37
2017,SYNDICATE BANK                ,5.03,25.12,2.07,0.12,2.71,7.95,12.03,5.21,14.91,-3.63,7766,42215,43224,6.68,3.52,2.49,276547,12.53,10.67
2018,SYNDICATE BANK                ,4.28,29.46,2.1,-1.05,-22.13,7.13,12.24,6.28,14.99,-4.44,22165,39431,52401,7.3,3.53,4.85,303526.2,12.62,10.87
2005,UCO BANK,6.02,38.54,2.86,0.73,17.86,8.08,11.26,2.93,13.21,-4.33,8686,5986,13003,9.28,4.4,4.25,83535.9,11.33,9.47
2006,UCO BANK,3.73,36,2.69,0.34,8.68,8.05,11.12,2.1,13.33,-2.51,9926,8900,15525,9.26,4.24,5.79,103090.5,11.54,9.65
2007,UCO BANK,5.85,30.1,2.32,0.47,12.34,7.51,11.56,2.14,13.53,-3.66,3225,22739,14640,9.8,4.06,6.39,126414.1,11.75,9.59
2008,UCO BANK,7.14,30.35,1.81,0.52,14.75,7.18,11.02,1.98,13.71,-5.58,20328,34727,43325,3.89,4.12,8.32,162904.2,12,10.68
2009,UCO BANK,6.57,29.32,1.63,0.59,16.2,6.54,11.93,1.18,13.93,-5.25,-15017,41707,8311,8.48,3.75,10.83,185295,12.13,9.03
2010,UCO BANK,5.92,35.55,1.87,0.87,22.08,6,13.21,1.17,14.13,-3.77,29048,33108,50361,10.26,3.54,12.11,178751.4,12.09,10.83
2011,UCO BANK,7.16,29.55,2.56,0.66,14.36,6.25,13.71,1.84,14.31,-3.15,29422,27829,41597,6.64,3.53,8.87,251136,12.43,10.64
2012,UCO BANK,5.07,29.72,2.27,0.69,13.83,7.12,12.35,1.96,14.41,-3.98,16813,32955,39177,5.46,3.62,9.3,305963.9,12.63,10.58
2013,UCO BANK,3.29,30.12,2.42,0.33,6.76,7.42,14.15,3.17,14.5,-3.51,27582,26953,46710,6.39,3.46,10.92,300400.7,12.61,10.75
2014,UCO BANK,4.03,33.8,2.77,0.7,14.45,7.33,12.68,2.38,14.69,-5.11,5009,30762,26385,7.41,3.41,6.37,314415.7,12.66,10.18
2015,UCO BANK,3.86,29.96,2.29,0.48,9.57,7.52,12.17,4.3,14.72,-4.68,40923,35284,73457,8.15,3.49,5.88,310338.5,12.65,11.2
2016,UCO BANK,3.84,40.54,1.98,-1.25,-22.33,7.64,9.63,9.09,14.71,-4.65,-4016,44907,31891,7.11,3.51,4.97,262290.1,12.48,10.37
2017,UCO BANK,4.37,36.77,1.6,-0.75,-14.64,7.26,10.93,8.94,14.65,-2.64,7766,42215,43224,6.68,3.52,2.49,276547,12.53,10.67
2018,UCO BANK,4.47,39.02,1.4,-1.88,-32.02,7.14,10.94,13.1,14.59,-3.23,22165,39431,52401,7.3,3.53,4.85,303526.2,12.62,10.87
2005,UNION BANK OF INDIA,5.9,36.86,3.16,1.1,21.46,8.33,12.09,2.64,13.49,-5.75,8686,5986,13003,9.28,4.4,4.25,83535.9,11.33,9.47
2006,UNION BANK OF INDIA,5.92,34.98,2.94,0.84,16.52,8.02,11.41,1.56,13.7,-3.41,9926,8900,15525,9.26,4.24,5.79,103090.5,11.54,9.65
2007,UNION BANK OF INDIA,6.95,32.85,2.91,0.92,17.34,7.84,12.8,0.96,13.84,-4.4,3225,22739,14640,9.8,4.06,6.39,126414.1,11.75,9.59
2008,UNION BANK OF INDIA,9.1,32.57,2.52,1.26,22.13,7.39,12.51,0.17,14.03,-5.01,20328,34727,43325,3.89,4.12,8.32,162904.2,12,10.68
2009,UNION BANK OF INDIA,6.48,31,2.68,1.27,21.46,7.37,13.27,0.34,14.29,-4.84,-15017,41707,8311,8.48,3.75,10.83,185295,12.13,9.03
2010,UNION BANK OF INDIA,7.33,31.99,2.35,1.25,21.65,7.15,12.51,0.81,14.48,-3.24,29048,33108,50361,10.26,3.54,12.11,178751.4,12.09,10.83
2011,UNION BANK OF INDIA,8.7,28.84,2.88,1.05,17.96,7.1,12.95,1.19,14.67,-3.12,29422,27829,41597,6.64,3.53,8.87,251136,12.43,10.64
2012,UNION BANK OF INDIA,5.22,27.98,2.73,0.79,13.05,7.57,11.85,1.7,14.78,-4.11,16813,32955,39177,5.46,3.62,9.3,305963.9,12.63,10.58
2013,UNION BANK OF INDIA,4.08,30.65,2.63,0.79,13.52,7.92,11.45,1.61,14.95,-3.53,27582,26953,46710,6.39,3.46,10.92,300400.7,12.61,10.75
2014,UNION BANK OF INDIA,6.19,31.49,2.37,0.52,9.48,8.33,10.8,2.33,15.08,-5.71,5009,30762,26385,7.41,3.41,6.37,314415.7,12.66,10.18
2015,UNION BANK OF INDIA,4.75,26.66,2.3,0.49,9.32,8.06,10.22,2.71,15.15,-4.67,40923,35284,73457,8.15,3.49,5.88,310338.5,12.65,11.2
2016,UNION BANK OF INDIA,4.55,26.03,2.11,0.35,6.34,8.68,10.56,5.25,15.21,-4.71,-4016,44907,31891,7.11,3.51,4.97,262290.1,12.48,10.37
2017,UNION BANK OF INDIA,4.39,29.83,2.08,0.13,2.37,8.64,11.79,6.57,15.33,-3.52,7766,42215,43224,6.68,3.52,2.49,276547,12.53,10.67
2018,UNION BANK OF INDIA,5.14,30.3,1.98,-1.07,-21.39,7.44,11.5,8.42,15.4,-4.3,22165,39431,52401,7.3,3.53,4.85,303526.2,12.62,10.87
2005,VIJAYA BANK                   ,5,47.11,3.7,1.43,26.02,7.82,12.92,0.59,12.59,-5.12,8686,5986,13003,9.28,4.4,4.25,83535.9,11.33,9.47
2006,VIJAYA BANK                   ,8.12,40.35,3.2,0.45,7.79,8.02,11.94,0.85,12.66,-2.8,9926,8900,15525,9.26,4.24,5.79,103090.5,11.54,9.65
2007,VIJAYA BANK                   ,9.04,31.96,2.9,0.92,18.58,8.12,11.21,0.59,12.96,-4.64,3225,22739,14640,9.8,4.06,6.39,126414.1,11.75,9.59
2008,VIJAYA BANK                   ,11.81,34.65,1.68,0.75,16.59,7.65,11.22,0.57,13.24,-4.89,20328,34727,43325,3.89,4.12,8.32,162904.2,12,10.68
2009,VIJAYA BANK                   ,10.51,31.88,1.9,0.59,9.36,7.74,13.15,0.82,13.34,-4.36,-15017,41707,8311,8.48,3.75,10.83,185295,12.13,9.03
2010,VIJAYA BANK                   ,6.62,34.08,2.19,0.76,15.32,6.66,12.5,1.4,13.46,-3.65,29048,33108,50361,10.26,3.54,12.11,178751.4,12.09,10.83
2011,VIJAYA BANK                   ,6.66,34.32,2.56,0.72,12.63,6.97,13.88,1.52,13.62,-3.22,29422,27829,41597,6.64,3.53,8.87,251136,12.43,10.64
2012,VIJAYA BANK                   ,5.47,34.49,2.14,0.66,11.54,6.96,13.06,1.72,13.77,-3.53,16813,32955,39177,5.46,3.62,9.3,305963.9,12.63,10.58
2013,VIJAYA BANK                   ,4.04,32.25,1.82,0.59,10.83,7.2,11.32,1.3,13.92,-3.27,27582,26953,46710,6.39,3.46,10.92,300400.7,12.61,10.75
2014,VIJAYA BANK                   ,4.46,34.26,1.68,0.35,7.27,7.05,10.56,1.55,14.13,-3.35,5009,30762,26385,7.41,3.41,6.37,314415.7,12.66,10.18
2015,VIJAYA BANK                   ,5.17,32.26,1.64,0.33,7.29,7.57,11.43,1.92,14.17,-3,40923,35284,73457,8.15,3.49,5.88,310338.5,12.65,11.2
2016,VIJAYA BANK                   ,5,33.36,1.92,0.28,5.54,7.16,12.58,4.8,14.19,-2.55,-4016,44907,31891,7.11,3.51,4.97,262290.1,12.48,10.37
2017,VIJAYA BANK                   ,4.34,33.4,2.34,0.49,9.51,7.79,12.73,4.36,14.25,-2.84,7766,42215,43224,6.68,3.52,2.49,276547,12.53,10.67
2018,VIJAYA BANK                   ,2.74,25.12,2.59,0.44,7.74,7.35,13.9,4.32,14.39,-3.63,22165,39431,52401,7.3,3.53,4.85,303526.2,12.62,10.87
